label,mode,weight,kernel,strength,min_conf,gate_threshold,gate_low_scale,expanded_nodes,search_time_ms,end_to_end_ms,path_length_m,path_points,delta_vs_baseline
baseline_astar,baseline,0.0,0,0.0,0.0,0.0,1.0,2831,102.72115099996881,102.72115099996881,49.142135623730965,181,0
learned,learned,0.15,0,0.0,0.0,0.0,1.0,2317,62.68277500021213,510.12041500052874,49.14213562373098,181,-514
learned,learned,0.1,0,0.0,0.0,0.0,1.0,2317,63.14354700043623,510.58118700075283,49.14213562373098,181,-514
none,none,0.1,0,0.0,0.0,0.0,1.0,2326,74.57524100027513,522.0128810005917,49.14213562373098,181,-505
learned_spike,learned_spike,0.15,5,1.0,0.1,0.0,1.0,2329,62.5512090000484,509.988849000365,49.14213562373098,181,-502
learned_spike,learned_spike,0.2,5,1.0,0.05,0.0,1.0,2329,62.95485400005418,510.3924940003708,49.14213562373098,181,-502
learned_spike,learned_spike,0.15,5,1.0,0.2,0.0,1.0,2329,64.31355699987762,511.7511970001942,49.14213562373098,181,-502
learned_spike,learned_spike,0.2,5,1.0,0.2,0.0,1.0,2329,64.89062999935413,512.3282699996707,49.14213562373098,181,-502
learned_spike,learned_spike,0.15,5,1.0,0.05,0.0,1.0,2329,66.39647599968157,513.8341159999982,49.14213562373098,181,-502
learned_spike,learned_spike,0.2,5,1.0,0.1,0.0,1.0,2329,68.60065799992299,516.0382980002396,49.14213562373098,181,-502
learned_spike,learned_spike,0.1,5,1.0,0.2,0.0,1.0,2329,69.40830399980769,516.8459440001243,49.14213562373098,181,-502
learned_spike,learned_spike,0.1,5,1.0,0.1,0.0,1.0,2329,69.61980599953677,517.0574459998534,49.14213562373098,181,-502
learned_spike,learned_spike,0.1,5,1.0,0.05,0.0,1.0,2329,76.41818200045236,523.855822000769,49.14213562373098,181,-502
learned_spike,learned_spike,0.1,5,0.5,0.05,0.0,1.0,2330,61.83490399962466,509.27254399994126,49.14213562373098,181,-501
learned_spike,learned_spike,0.15,5,0.5,0.05,0.0,1.0,2330,64.10120799955621,511.5388479998728,49.14213562373098,181,-501
learned_spike,learned_spike,0.15,5,0.5,0.1,0.0,1.0,2330,65.44884200047818,512.8864820007948,49.14213562373098,181,-501
learned_spike,learned_spike,0.15,5,0.5,0.2,0.0,1.0,2330,69.81614699998318,517.2537870002998,49.14213562373098,181,-501
learned_spike,learned_spike,0.1,5,0.5,0.2,0.0,1.0,2330,75.1572640001541,522.5949040004707,49.14213562373098,181,-501
learned_spike,learned_spike,0.1,5,0.5,0.1,0.0,1.0,2330,82.30516799994803,529.7428080002646,49.14213562373098,181,-501
learned_spike,learned_spike,0.15,5,0.75,0.2,0.0,1.0,2333,59.775894999802404,507.213535000119,49.14213562373098,181,-498
learned_spike,learned_spike,0.1,3,0.5,0.1,0.0,1.0,2333,62.83180199989147,510.2694420002081,49.14213562373098,181,-498
learned_spike,learned_spike,0.15,3,0.5,0.1,0.0,1.0,2333,63.8641870000356,511.3018270003522,49.14213562373098,181,-498
learned_spike,learned_spike,0.15,5,0.75,0.1,0.0,1.0,2333,65.33601699993596,512.7736570002526,49.14213562373098,181,-498
learned_spike,learned_spike,0.1,3,0.5,0.05,0.0,1.0,2333,67.43387799997436,514.871518000291,49.14213562373098,181,-498
learned_spike,learned_spike,0.15,3,0.5,0.2,0.0,1.0,2333,67.49496700012969,514.9326070004463,49.14213562373098,181,-498
learned_spike,learned_spike,0.15,3,0.5,0.05,0.0,1.0,2333,67.58158399952663,515.0192239998432,49.14213562373098,181,-498
learned_spike,learned_spike,0.1,3,0.5,0.2,0.0,1.0,2333,68.38593700013007,515.8235770004467,49.14213562373098,181,-498
learned_spike,learned_spike,0.1,5,0.75,0.1,0.0,1.0,2333,70.52773799932766,517.9653779996443,49.14213562373098,181,-498
learned_spike,learned_spike,0.15,5,0.75,0.05,0.0,1.0,2333,74.40249400042376,521.8401340007404,49.14213562373098,181,-498
learned_spike,learned_spike,0.1,5,0.75,0.2,0.0,1.0,2333,74.9050320000606,522.3426720003772,49.14213562373098,181,-498
learned_spike,learned_spike,0.1,5,0.75,0.05,0.0,1.0,2333,75.91814700026589,523.3557870005825,49.14213562373098,181,-498
learned_spike,learned_spike,0.15,3,0.75,0.05,0.0,1.0,2335,64.13774900011049,511.5753890004271,49.14213562373098,181,-496
learned_spike,learned_spike,0.15,3,0.75,0.1,0.0,1.0,2335,64.61696400037908,512.0546040006957,49.14213562373098,181,-496
learned_spike,learned_spike,0.1,3,0.75,0.1,0.0,1.0,2335,69.41330999961792,516.8509499999345,49.14213562373098,181,-496
learned_spike,learned_spike,0.15,3,0.75,0.2,0.0,1.0,2335,69.916576999276,517.3542169995926,49.14213562373098,181,-496
learned_spike,learned_spike,0.1,3,0.75,0.05,0.0,1.0,2335,70.82811200052674,518.2657520008433,49.14213562373098,181,-496
learned_spike,learned_spike,0.1,3,0.75,0.2,0.0,1.0,2335,76.1880520003615,523.6256920006781,49.14213562373098,181,-496
learned_spike,learned_spike,0.1,3,1.0,0.2,0.0,1.0,2342,63.03719900006399,510.4748390003806,49.14213562373098,181,-489
learned_spike,learned_spike,0.15,3,1.0,0.1,0.0,1.0,2342,64.13483500000439,511.572475000321,49.14213562373098,181,-489
learned_spike,learned_spike,0.15,3,1.0,0.2,0.0,1.0,2342,64.98416399972484,512.4218040000414,49.14213562373098,181,-489
learned_spike,learned_spike,0.15,3,1.0,0.05,0.0,1.0,2342,67.93374300013966,515.3713830004563,49.14213562373098,181,-489
learned_spike,learned_spike,0.1,3,1.0,0.1,0.0,1.0,2342,68.19540800006507,515.6330480003817,49.14213562373098,181,-489
learned_spike,learned_spike,0.1,3,1.0,0.05,0.0,1.0,2342,79.78832299977512,527.2259630000917,49.14213562373098,181,-489
learned_spike_safe,learned_spike_safe,0.2,5,1.0,0.1,0.2,0.5,2348,61.703275000581925,509.14091500089853,49.14213562373098,181,-483
learned_spike_safe,learned_spike_safe,0.15,5,1.0,0.05,0.15,0.5,2348,62.738551000620646,510.17619100093725,49.14213562373098,181,-483
learned_spike_safe,learned_spike_safe,0.15,5,1.0,0.05,0.2,0.5,2348,62.96178399952623,510.39942399984284,49.14213562373098,181,-483
learned_spike_safe,learned_spike_safe,0.2,5,1.0,0.05,0.15,0.5,2348,63.74284499997884,511.18048500029545,49.14213562373098,181,-483
learned_spike_safe,learned_spike_safe,0.15,5,1.0,0.2,0.2,0.5,2348,64.06706400048279,511.5047040007994,49.14213562373098,181,-483
learned_spike_safe,learned_spike_safe,0.15,5,1.0,0.1,0.2,0.5,2348,64.12412999998196,511.56177000029857,49.14213562373098,181,-483
learned_spike_safe,learned_spike_safe,0.15,5,1.0,0.1,0.15,0.5,2348,64.25193500035675,511.68957500067336,49.14213562373098,181,-483
learned_spike,learned_spike,0.2,5,0.75,0.2,0.0,1.0,2348,64.3234350000057,511.7610750003223,49.14213562373098,181,-483
learned_spike_safe,learned_spike_safe,0.2,5,1.0,0.2,0.2,0.5,2348,64.96561400035716,512.4032540006738,49.14213562373098,181,-483
learned_spike,learned_spike,0.2,5,0.75,0.05,0.0,1.0,2348,66.63099399975181,514.0686340000684,49.14213562373098,181,-483
learned_spike_safe,learned_spike_safe,0.2,5,1.0,0.05,0.2,0.5,2348,67.98296800025128,515.4206080005679,49.14213562373098,181,-483
learned_spike_safe,learned_spike_safe,0.1,5,1.0,0.2,0.15,0.5,2348,69.11627099998441,516.553911000301,49.14213562373098,181,-483
learned_spike_safe,learned_spike_safe,0.2,5,1.0,0.2,0.15,0.5,2348,69.14902399967104,516.5866639999876,49.14213562373098,181,-483
learned_spike_safe,learned_spike_safe,0.15,5,1.0,0.2,0.15,0.5,2348,71.22640200032038,518.664042000637,49.14213562373098,181,-483
learned_spike_safe,learned_spike_safe,0.1,5,1.0,0.1,0.2,0.5,2348,71.24029399983556,518.6779340001522,49.14213562373098,181,-483
learned_spike_safe,learned_spike_safe,0.1,5,1.0,0.2,0.2,0.5,2348,71.48115600011806,518.9187960004347,49.14213562373098,181,-483
learned_spike_safe,learned_spike_safe,0.1,5,1.0,0.05,0.2,0.5,2348,72.45158000023366,519.8892200005503,49.14213562373098,181,-483
learned_spike_safe,learned_spike_safe,0.2,5,1.0,0.1,0.15,0.5,2348,74.52623500012123,521.9638750004378,49.14213562373098,181,-483
learned_spike_safe,learned_spike_safe,0.1,5,1.0,0.05,0.15,0.5,2348,77.38584800063109,524.8234880009477,49.14213562373098,181,-483
learned_spike_safe,learned_spike_safe,0.1,5,1.0,0.1,0.15,0.5,2348,78.98265800031368,526.4202980006303,49.14213562373098,181,-483
learned_spike,learned_spike,0.2,5,0.75,0.1,0.0,1.0,2348,82.20636900023237,529.644009000549,49.14213562373098,181,-483
learned_spike_safe,learned_spike_safe,0.15,5,0.75,0.05,0.2,0.5,2352,61.03826399976242,508.475904000079,49.14213562373098,181,-479
learned_spike_safe,learned_spike_safe,0.15,5,0.75,0.2,0.2,0.5,2352,62.87243800034048,510.3100780006571,49.14213562373098,181,-479
learned_spike_safe,learned_spike_safe,0.15,5,0.75,0.2,0.15,0.5,2352,62.94133800020063,510.37897800051724,49.14213562373098,181,-479
learned_spike_safe,learned_spike_safe,0.15,5,0.75,0.1,0.15,0.5,2352,69.25741600025503,516.6950560005716,49.14213562373098,181,-479
learned_spike_safe,learned_spike_safe,0.1,5,0.75,0.1,0.2,0.5,2352,71.02609800040227,518.4637380007189,49.14213562373098,181,-479
learned_spike_safe,learned_spike_safe,0.15,5,0.75,0.05,0.15,0.5,2352,72.3595170002227,519.7971570005393,49.14213562373098,181,-479
learned_spike_safe,learned_spike_safe,0.1,5,0.75,0.05,0.2,0.5,2352,72.43031300004077,519.8679530003574,49.14213562373098,181,-479
learned_spike_safe,learned_spike_safe,0.1,5,0.75,0.1,0.15,0.5,2352,72.89420899996912,520.3318490002857,49.14213562373098,181,-479
learned_spike_safe,learned_spike_safe,0.15,5,0.75,0.1,0.2,0.5,2352,73.07071099967288,520.5083509999895,49.14213562373098,181,-479
learned_spike_safe,learned_spike_safe,0.1,5,0.75,0.05,0.15,0.5,2352,78.12889100023312,525.5665310005497,49.14213562373098,181,-479
learned_spike_safe,learned_spike_safe,0.1,5,0.75,0.2,0.15,0.5,2352,79.63282499986235,527.070465000179,49.14213562373098,181,-479
learned_spike_safe,learned_spike_safe,0.1,5,0.75,0.2,0.2,0.5,2352,81.20691099975375,528.6445510000704,49.14213562373098,181,-479
learned_spike_safe,learned_spike_safe,0.15,3,0.5,0.05,0.15,0.5,2354,61.078865000126825,508.51650500044343,49.14213562373098,181,-477
learned_spike_safe,learned_spike_safe,0.15,3,0.5,0.05,0.2,0.5,2354,62.12242200035689,509.5600620006735,49.14213562373098,181,-477
learned_spike_safe,learned_spike_safe,0.1,3,0.5,0.1,0.15,0.5,2354,62.722847999793885,510.1604880001105,49.14213562373098,181,-477
learned_spike_safe,learned_spike_safe,0.15,3,0.5,0.2,0.2,0.5,2354,63.75450799987448,511.1921480001911,49.14213562373098,181,-477
learned_spike_safe,learned_spike_safe,0.1,3,0.5,0.05,0.15,0.5,2354,64.22195100003592,511.6595910003525,49.14213562373098,181,-477
learned_spike_safe,learned_spike_safe,0.15,3,0.5,0.1,0.15,0.5,2354,64.91297899992787,512.3506190002445,49.14213562373098,181,-477
learned_spike_safe,learned_spike_safe,0.1,3,0.5,0.05,0.2,0.5,2354,65.27665999965393,512.7142999999705,49.14213562373098,181,-477
learned_spike_safe,learned_spike_safe,0.15,3,0.5,0.1,0.2,0.5,2354,65.7663579995642,513.2039979998808,49.14213562373098,181,-477
learned_spike_safe,learned_spike_safe,0.1,3,0.5,0.2,0.15,0.5,2354,67.67405200025678,515.1116920005734,49.14213562373098,181,-477
learned_spike_safe,learned_spike_safe,0.1,3,0.5,0.1,0.2,0.5,2354,67.77909199990972,515.2167320002263,49.14213562373098,181,-477
learned_spike_safe,learned_spike_safe,0.15,3,0.5,0.2,0.15,0.5,2354,69.02269999955024,516.4603399998668,49.14213562373098,181,-477
learned_spike_safe,learned_spike_safe,0.1,3,0.5,0.2,0.2,0.5,2354,84.39999900019757,531.8376390005142,49.14213562373098,181,-477
learned_spike_safe,learned_spike_safe,0.15,5,0.5,0.05,0.15,0.5,2356,63.578691999282455,511.01633199959906,49.14213562373098,181,-475
learned_spike_safe,learned_spike_safe,0.15,5,0.5,0.1,0.2,0.5,2356,64.04682700031117,511.4844670006278,49.14213562373098,181,-475
learned_spike_safe,learned_spike_safe,0.15,5,0.5,0.1,0.15,0.5,2356,66.11728200005018,513.5549220003668,49.14213562373098,181,-475
learned_spike_safe,learned_spike_safe,0.15,5,0.5,0.2,0.2,0.5,2356,68.8711359998706,516.3087760001872,49.14213562373098,181,-475
learned_spike_safe,learned_spike_safe,0.15,5,0.5,0.2,0.15,0.5,2356,70.28018700020766,517.7178270005243,49.14213562373098,181,-475
learned_spike_safe,learned_spike_safe,0.1,5,0.5,0.2,0.2,0.5,2356,71.71038700016652,519.1480270004831,49.14213562373098,181,-475
learned_spike_safe,learned_spike_safe,0.1,5,0.5,0.05,0.15,0.5,2356,72.04685099986818,519.4844910001848,49.14213562373098,181,-475
learned_spike_safe,learned_spike_safe,0.1,5,0.5,0.05,0.2,0.5,2356,72.88328899994667,520.3209290002633,49.14213562373098,181,-475
learned_spike_safe,learned_spike_safe,0.15,5,0.5,0.05,0.2,0.5,2356,73.39542800036725,520.8330680006839,49.14213562373098,181,-475
learned_spike_safe,learned_spike_safe,0.1,5,0.5,0.2,0.15,0.5,2356,75.79015400006028,523.2277940003769,49.14213562373098,181,-475
learned_spike_safe,learned_spike_safe,0.1,5,0.5,0.1,0.2,0.5,2356,76.6586029994869,524.0962429998035,49.14213562373098,181,-475
learned_spike_safe,learned_spike_safe,0.1,5,0.5,0.1,0.15,0.5,2356,78.76780900005542,526.205449000372,49.14213562373098,181,-475
learned_spike_safe,learned_spike_safe,0.15,3,1.0,0.05,0.15,0.5,2361,60.70744499993452,508.14508500025113,49.14213562373098,181,-470
learned_spike_safe,learned_spike_safe,0.1,3,0.75,0.1,0.15,0.5,2361,61.43658500059246,508.87422500090906,49.14213562373098,181,-470
learned_spike_safe,learned_spike_safe,0.15,3,1.0,0.1,0.15,0.5,2361,63.47262100007356,510.91026100039016,49.14213562373098,181,-470
learned_spike_safe,learned_spike_safe,0.1,3,1.0,0.1,0.2,0.5,2361,63.6228809999011,511.0605210002177,49.14213562373098,181,-470
learned_spike_safe,learned_spike_safe,0.1,3,0.75,0.2,0.15,0.5,2361,63.943107000341115,511.3807470006577,49.14213562373098,181,-470
learned_spike_safe,learned_spike_safe,0.15,3,1.0,0.1,0.2,0.5,2361,63.951061000807385,511.388701001124,49.14213562373098,181,-470
learned_spike_safe,learned_spike_safe,0.15,3,1.0,0.2,0.15,0.5,2361,64.15180900057749,511.5894490008941,49.14213562373098,181,-470
learned_spike_safe,learned_spike_safe,0.1,3,1.0,0.2,0.15,0.5,2361,64.18584599941823,511.62348599973484,49.14213562373098,181,-470
learned_spike_safe,learned_spike_safe,0.15,3,0.75,0.1,0.2,0.5,2361,64.26446699970256,511.70210700001917,49.14213562373098,181,-470
learned_spike_safe,learned_spike_safe,0.1,3,1.0,0.05,0.15,0.5,2361,64.59430900031293,512.0319490006295,49.14213562373098,181,-470
learned_spike_safe,learned_spike_safe,0.1,3,1.0,0.2,0.2,0.5,2361,64.94297600056598,512.3806160008826,49.14213562373098,181,-470
learned_spike_safe,learned_spike_safe,0.1,3,0.75,0.1,0.2,0.5,2361,65.17257099949347,512.6102109998101,49.14213562373098,181,-470
learned_spike_safe,learned_spike_safe,0.1,3,1.0,0.05,0.2,0.5,2361,65.77978699988307,513.2174270001997,49.14213562373098,181,-470
learned_spike_safe,learned_spike_safe,0.15,3,0.75,0.1,0.15,0.5,2361,65.8754099995349,513.3130499998515,49.14213562373098,181,-470
learned_spike_safe,learned_spike_safe,0.1,3,1.0,0.1,0.15,0.5,2361,66.78922399987641,514.226864000193,49.14213562373098,181,-470
learned_spike_safe,learned_spike_safe,0.15,3,1.0,0.2,0.2,0.5,2361,68.24097700064158,515.6786170009582,49.14213562373098,181,-470
learned_spike_safe,learned_spike_safe,0.1,3,0.75,0.05,0.2,0.5,2361,68.31420800062915,515.7518480009458,49.14213562373098,181,-470
learned_spike_safe,learned_spike_safe,0.1,3,0.75,0.05,0.15,0.5,2361,69.36947399935889,516.8071139996755,49.14213562373098,181,-470
learned_spike_safe,learned_spike_safe,0.1,3,0.75,0.2,0.2,0.5,2361,69.4521800005532,516.8898200008698,49.14213562373098,181,-470
learned_spike_safe,learned_spike_safe,0.15,3,0.75,0.2,0.2,0.5,2361,70.0438750000103,517.4815150003269,49.14213562373098,181,-470
learned_spike_safe,learned_spike_safe,0.15,3,0.75,0.05,0.2,0.5,2361,70.47226000031515,517.9099000006318,49.14213562373098,181,-470
learned_spike_safe,learned_spike_safe,0.15,3,0.75,0.2,0.15,0.5,2361,70.77266200030863,518.2103020006252,49.14213562373098,181,-470
learned_spike_safe,learned_spike_safe,0.15,3,0.75,0.05,0.15,0.5,2361,71.10540199937532,518.5430419996919,49.14213562373098,181,-470
learned_spike_safe,learned_spike_safe,0.15,3,1.0,0.05,0.2,0.5,2361,74.18573499944614,521.6233749997627,49.14213562373098,181,-470
learned_spike,learned_spike,0.2,5,0.5,0.2,0.0,1.0,2367,62.58140899990394,510.01904900022055,49.14213562373098,181,-464
learned_spike,learned_spike,0.2,5,0.5,0.05,0.0,1.0,2367,63.26795699987997,510.7055970001966,49.14213562373098,181,-464
learned_spike,learned_spike,0.2,5,0.5,0.1,0.0,1.0,2367,64.96433000029356,512.4019700006102,49.14213562373098,181,-464
learned_spike_safe,learned_spike_safe,0.2,5,0.75,0.05,0.15,0.5,2368,60.35562899978686,507.79326900010346,49.14213562373098,181,-463
learned_spike_safe,learned_spike_safe,0.2,5,0.75,0.2,0.15,0.5,2368,63.88416200024949,511.3218020005661,49.14213562373098,181,-463
learned_spike_safe,learned_spike_safe,0.2,5,0.75,0.2,0.2,0.5,2368,64.01039699994726,511.44803700026387,49.14213562373098,181,-463
learned_spike_safe,learned_spike_safe,0.2,5,0.75,0.1,0.2,0.5,2368,64.76320000001579,512.2008400003324,49.14213562373098,181,-463
learned_spike_safe,learned_spike_safe,0.2,5,0.75,0.1,0.15,0.5,2368,64.9735380002312,512.4111780005478,49.14213562373098,181,-463
learned_spike_safe,learned_spike_safe,0.2,5,0.75,0.05,0.2,0.5,2368,81.38499100004992,528.8226310003665,49.14213562373098,181,-463
learned,learned,0.2,0,0.0,0.0,0.0,1.0,2374,66.96305300010863,514.4006930004252,49.14213562373098,181,-457
none,none,0.15,0,0.0,0.0,0.0,1.0,2375,72.55453599918837,519.992175999505,49.14213562373098,181,-456
learned_spike,learned_spike,0.25,5,1.0,0.2,0.0,1.0,2384,73.54514599956019,520.9827859998768,49.14213562373098,181,-447
learned_spike,learned_spike,0.25,5,1.0,0.05,0.0,1.0,2384,77.36566000039602,524.8033000007126,49.14213562373098,181,-447
learned_spike,learned_spike,0.25,5,1.0,0.1,0.0,1.0,2384,79.00027499999851,526.4379150003151,49.14213562373098,181,-447
learned_spike,learned_spike,0.2,3,0.5,0.1,0.0,1.0,2386,63.72964099955425,511.16728099987085,49.14213562373098,181,-445
learned_spike,learned_spike,0.2,3,0.5,0.05,0.0,1.0,2386,64.30176300000312,511.7394030003197,49.14213562373098,181,-445
learned_spike,learned_spike,0.2,3,0.5,0.2,0.0,1.0,2386,67.39189000018087,514.8295300004975,49.14213562373098,181,-445
learned_spike,learned_spike,0.2,3,0.75,0.05,0.0,1.0,2387,67.09826299993438,514.535903000251,49.14213562373098,181,-444
none,none,0.2,0,0.0,0.0,0.0,1.0,2387,68.98154300051829,516.4191830008349,49.14213562373098,181,-444
learned_spike,learned_spike,0.2,3,0.75,0.1,0.0,1.0,2387,71.5448760001891,518.9825160005057,49.14213562373098,181,-444
learned_spike,learned_spike,0.25,5,0.5,0.2,0.0,1.0,2387,71.94300499941164,519.3806449997282,49.14213562373098,181,-444
learned_spike,learned_spike,0.2,3,0.75,0.2,0.0,1.0,2387,72.8538680004931,520.2915080008097,49.14213562373098,181,-444
learned_spike,learned_spike,0.25,5,0.5,0.05,0.0,1.0,2387,82.52730599997449,529.9649460002911,49.14213562373098,181,-444
learned_spike,learned_spike,0.25,5,0.5,0.1,0.0,1.0,2387,85.21268099957524,532.6503209998918,49.14213562373098,181,-444
learned_spike,learned_spike,0.25,5,0.75,0.2,0.0,1.0,2389,66.76486899959855,514.2025089999152,49.14213562373098,181,-442
learned_spike,learned_spike,0.25,5,0.75,0.05,0.0,1.0,2389,67.59320899982413,515.0308490001407,49.14213562373098,181,-442
learned_spike,learned_spike,0.25,5,0.75,0.1,0.0,1.0,2389,83.60871500008216,531.0463550003988,49.14213562373098,181,-442
learned_spike,learned_spike,0.25,3,0.5,0.1,0.0,1.0,2391,64.99997199989593,512.4376120002125,49.14213562373098,181,-440
learned_spike,learned_spike,0.25,3,0.5,0.2,0.0,1.0,2391,74.89307500054565,522.3307150008623,49.14213562373098,181,-440
learned_spike,learned_spike,0.25,3,0.5,0.05,0.0,1.0,2391,76.72942199951649,524.1670619998331,49.14213562373098,181,-440
learned_spike,learned_spike,0.25,3,0.75,0.05,0.0,1.0,2392,70.40477100053977,517.8424110008564,49.14213562373098,181,-439
learned_spike,learned_spike,0.25,3,0.75,0.2,0.0,1.0,2392,73.65547800054628,521.0931180008629,49.14213562373098,181,-439
learned_spike,learned_spike,0.25,3,0.75,0.1,0.0,1.0,2392,77.56359899940435,525.001238999721,49.14213562373098,181,-439
learned_spike,learned_spike,0.2,3,1.0,0.1,0.0,1.0,2394,64.60860500010313,512.0462450004197,49.14213562373098,181,-437
learned_spike,learned_spike,0.2,3,1.0,0.2,0.0,1.0,2394,66.38618300075905,513.8238230010757,49.14213562373098,181,-437
learned_spike,learned_spike,0.2,3,1.0,0.05,0.0,1.0,2394,73.28548500026955,520.7231250005862,49.14213562373098,181,-437
learned_spike_safe,learned_spike_safe,0.2,5,0.5,0.1,0.2,0.5,2395,68.1700200002524,515.607660000569,49.14213562373098,181,-436
learned_spike_safe,learned_spike_safe,0.2,5,0.5,0.1,0.15,0.5,2395,68.833115000416,516.2707550007326,49.14213562373098,181,-436
learned_spike_safe,learned_spike_safe,0.2,5,0.5,0.05,0.15,0.5,2395,68.95074600015505,516.3883860004717,49.14213562373098,181,-436
learned_spike_safe,learned_spike_safe,0.2,5,0.5,0.05,0.2,0.5,2395,70.62692399995285,518.0645640002695,49.14213562373098,181,-436
learned_spike_safe,learned_spike_safe,0.2,5,0.5,0.2,0.15,0.5,2395,73.40767700043216,520.8453170007488,49.14213562373098,181,-436
learned_spike_safe,learned_spike_safe,0.2,5,0.5,0.2,0.2,0.5,2395,79.28251500015904,526.7201550004756,49.14213562373098,181,-436
learned_spike,learned_spike,0.25,3,1.0,0.2,0.0,1.0,2399,67.28789299995697,514.7255330002736,49.14213562373098,181,-432
learned_spike,learned_spike,0.25,3,1.0,0.1,0.0,1.0,2399,68.39674499951798,515.8343849998346,49.14213562373098,181,-432
learned_spike,learned_spike,0.25,3,1.0,0.05,0.0,1.0,2399,71.61631399958424,519.0539539999008,49.14213562373098,181,-432
learned_spike_safe,learned_spike_safe,0.25,5,1.0,0.05,0.15,0.5,2403,67.14563100013038,514.583271000447,49.14213562373098,181,-428
learned_spike_safe,learned_spike_safe,0.25,5,1.0,0.1,0.15,0.5,2403,67.46585500059155,514.9034950009082,49.14213562373098,181,-428
learned_spike_safe,learned_spike_safe,0.25,5,1.0,0.05,0.2,0.5,2403,69.7178199998234,517.15546000014,49.14213562373098,181,-428
learned_spike_safe,learned_spike_safe,0.25,5,1.0,0.2,0.2,0.5,2403,75.9022760003063,523.3399160006229,49.14213562373098,181,-428
learned_spike_safe,learned_spike_safe,0.25,5,1.0,0.2,0.15,0.5,2403,75.98584500010475,523.4234850004214,49.14213562373098,181,-428
learned_spike_safe,learned_spike_safe,0.25,5,1.0,0.1,0.2,0.5,2403,78.15388499966502,525.5915249999816,49.14213562373098,181,-428
learned_spike_safe,learned_spike_safe,0.2,3,0.5,0.05,0.2,0.5,2407,63.36495899995498,510.8025990002716,49.14213562373098,181,-424
learned_spike_safe,learned_spike_safe,0.2,3,0.5,0.1,0.15,0.5,2407,66.0541209999792,513.4917610002958,49.14213562373098,181,-424
learned_spike_safe,learned_spike_safe,0.2,3,0.5,0.2,0.2,0.5,2407,66.91251600022952,514.3501560005461,49.14213562373098,181,-424
learned_spike_safe,learned_spike_safe,0.2,3,0.5,0.2,0.15,0.5,2407,70.45242900039739,517.890069000714,49.14213562373098,181,-424
learned_spike_safe,learned_spike_safe,0.2,3,0.5,0.05,0.15,0.5,2407,70.73290399966936,518.170543999986,49.14213562373098,181,-424
learned_spike_safe,learned_spike_safe,0.2,3,0.5,0.1,0.2,0.5,2407,73.35858200076473,520.7962220010813,49.14213562373098,181,-424
learned_spike_safe,learned_spike_safe,0.25,5,0.75,0.1,0.2,0.5,2408,64.82602500000212,512.2636650003187,49.14213562373098,181,-423
learned_spike_safe,learned_spike_safe,0.25,5,0.75,0.05,0.2,0.5,2408,67.96751899946685,515.4051589997835,49.14213562373098,181,-423
learned_spike_safe,learned_spike_safe,0.25,5,0.75,0.1,0.15,0.5,2408,69.61763399976917,517.0552740000858,49.14213562373098,181,-423
learned_spike_safe,learned_spike_safe,0.25,5,0.75,0.2,0.2,0.5,2408,70.38181299958524,517.8194529999018,49.14213562373098,181,-423
learned_spike_safe,learned_spike_safe,0.25,5,0.75,0.05,0.15,0.5,2408,71.0465980000663,518.4842380003829,49.14213562373098,181,-423
learned_spike_safe,learned_spike_safe,0.25,5,0.75,0.2,0.15,0.5,2408,71.1304789992937,518.5681189996103,49.14213562373098,181,-423
learned_spike_safe,learned_spike_safe,0.25,3,0.5,0.1,0.15,0.5,2412,66.19836000027135,513.636000000588,49.14213562373098,181,-419
learned_spike_safe,learned_spike_safe,0.25,3,0.5,0.05,0.15,0.5,2412,66.7775520005307,514.2151920008473,49.14213562373098,181,-419
learned_spike_safe,learned_spike_safe,0.25,3,0.5,0.05,0.2,0.5,2412,68.1193609998445,515.5570010001611,49.14213562373098,181,-419
learned_spike_safe,learned_spike_safe,0.25,3,0.5,0.2,0.15,0.5,2412,70.60414799980208,518.0417880001187,49.14213562373098,181,-419
learned_spike_safe,learned_spike_safe,0.25,3,0.5,0.1,0.2,0.5,2412,71.04500500008726,518.4826450004039,49.14213562373098,181,-419
learned_spike_safe,learned_spike_safe,0.25,3,0.5,0.2,0.2,0.5,2412,74.7165530001439,522.1541930004605,49.14213562373098,181,-419
learned_spike_safe,learned_spike_safe,0.2,3,1.0,0.05,0.2,0.5,2413,64.69111300066288,512.1287530009795,49.14213562373098,181,-418
learned_spike_safe,learned_spike_safe,0.25,5,0.5,0.1,0.15,0.5,2413,65.586433000135,513.0240730004516,49.14213562373098,181,-418
learned_spike_safe,learned_spike_safe,0.2,3,1.0,0.1,0.2,0.5,2413,65.81378699956986,513.2514269998865,49.14213562373098,181,-418
learned_spike_safe,learned_spike_safe,0.2,3,0.75,0.05,0.15,0.5,2413,65.83168700035458,513.2693270006712,49.14213562373098,181,-418
learned_spike_safe,learned_spike_safe,0.25,5,0.5,0.2,0.2,0.5,2413,65.98712899995007,513.4247690002667,49.14213562373098,181,-418
learned_spike_safe,learned_spike_safe,0.2,3,1.0,0.2,0.2,0.5,2413,66.4953779996722,513.9330179999888,49.14213562373098,181,-418
learned_spike_safe,learned_spike_safe,0.2,3,1.0,0.2,0.15,0.5,2413,66.53695499971946,513.9745950000361,49.14213562373098,181,-418
learned_spike_safe,learned_spike_safe,0.2,3,0.75,0.1,0.15,0.5,2413,67.32149799972831,514.7591380000449,49.14213562373098,181,-418
learned_spike_safe,learned_spike_safe,0.2,3,1.0,0.1,0.15,0.5,2413,67.38286800009519,514.8205080004118,49.14213562373098,181,-418
learned_spike_safe,learned_spike_safe,0.2,3,1.0,0.05,0.15,0.5,2413,68.07490499977575,515.5125450000924,49.14213562373098,181,-418
learned_spike_safe,learned_spike_safe,0.2,3,0.75,0.05,0.2,0.5,2413,69.59907500004192,517.0367150003585,49.14213562373098,181,-418
learned_spike_safe,learned_spike_safe,0.2,3,0.75,0.2,0.2,0.5,2413,70.23795200075256,517.6755920010692,49.14213562373098,181,-418
learned_spike_safe,learned_spike_safe,0.25,5,0.5,0.1,0.2,0.5,2413,71.73885400061408,519.1764940009307,49.14213562373098,181,-418
learned_spike_safe,learned_spike_safe,0.25,5,0.5,0.2,0.15,0.5,2413,73.84143800027232,521.2790780005889,49.14213562373098,181,-418
learned_spike_safe,learned_spike_safe,0.2,3,0.75,0.2,0.15,0.5,2413,74.56520300002012,522.0028430003367,49.14213562373098,181,-418
learned_spike_safe,learned_spike_safe,0.25,5,0.5,0.05,0.2,0.5,2413,75.76291999976092,523.2005600000775,49.14213562373098,181,-418
learned_spike_safe,learned_spike_safe,0.2,3,0.75,0.1,0.2,0.5,2413,86.19435999935376,533.6319999996704,49.14213562373098,181,-418
learned_spike_safe,learned_spike_safe,0.25,5,0.5,0.05,0.15,0.5,2413,106.41128899987962,553.8489290001962,49.14213562373098,181,-418
learned_spike_safe,learned_spike_safe,0.25,3,0.75,0.05,0.15,0.5,2418,63.63406499986013,511.07170500017673,49.14213562373098,181,-413
learned_spike_safe,learned_spike_safe,0.25,3,0.75,0.2,0.15,0.5,2418,64.09485099993617,511.5324910002528,49.14213562373098,181,-413
learned_spike_safe,learned_spike_safe,0.25,3,1.0,0.05,0.15,0.5,2418,64.59361600082048,512.0312560011371,49.14213562373098,181,-413
learned_spike_safe,learned_spike_safe,0.25,3,0.75,0.1,0.2,0.5,2418,66.94327500008512,514.3809150004017,49.14213562373098,181,-413
learned_spike_safe,learned_spike_safe,0.25,3,1.0,0.1,0.2,0.5,2418,67.14259699947434,514.5802369997909,49.14213562373098,181,-413
learned_spike_safe,learned_spike_safe,0.25,3,0.75,0.1,0.15,0.5,2418,71.61216900021827,519.0498090005349,49.14213562373098,181,-413
learned_spike_safe,learned_spike_safe,0.25,3,0.75,0.05,0.2,0.5,2418,72.6182759999574,520.055916000274,49.14213562373098,181,-413
learned_spike_safe,learned_spike_safe,0.25,3,0.75,0.2,0.2,0.5,2418,72.62046899995767,520.0581090002743,49.14213562373098,181,-413
learned_spike_safe,learned_spike_safe,0.25,3,1.0,0.05,0.2,0.5,2418,73.24230699941836,520.679946999735,49.14213562373098,181,-413
learned_spike_safe,learned_spike_safe,0.25,3,1.0,0.2,0.2,0.5,2418,77.28878400030226,524.7264240006189,49.14213562373098,181,-413
learned_spike_safe,learned_spike_safe,0.25,3,1.0,0.1,0.15,0.5,2418,89.07858700058569,536.5162270009023,49.14213562373098,181,-413
learned_spike_safe,learned_spike_safe,0.25,3,1.0,0.2,0.15,0.5,2418,94.03741999994963,541.4750600002662,49.14213562373098,181,-413
learned,learned,0.25,0,0.0,0.0,0.0,1.0,2444,73.39899099952163,520.8366309998382,49.14213562373098,181,-387
none,none,0.25,0,0.0,0.0,0.0,1.0,2468,65.47799299914914,512.9156329994657,49.14213562373098,181,-363
learned_spike,learned_spike,0.35,5,1.0,0.2,0.0,1.0,2477,69.64148600036424,517.0791260006808,49.14213562373098,181,-354
learned_spike,learned_spike,0.35,5,1.0,0.05,0.0,1.0,2477,72.33716900009313,519.7748090004097,49.14213562373098,181,-354
learned_spike,learned_spike,0.35,5,1.0,0.1,0.0,1.0,2477,73.9889630003745,521.4266030006911,49.14213562373098,181,-354
learned_spike,learned_spike,0.35,5,0.5,0.1,0.0,1.0,2479,70.03639399954409,517.4740339998607,49.14213562373098,181,-352
learned_spike,learned_spike,0.35,5,0.5,0.2,0.0,1.0,2479,71.74664499962091,519.1842849999375,49.14213562373098,181,-352
learned_spike,learned_spike,0.35,5,0.5,0.05,0.0,1.0,2479,75.79703200008225,523.2346720003989,49.14213562373098,181,-352
learned_spike,learned_spike,0.35,5,0.75,0.05,0.0,1.0,2482,69.6532620004291,517.0909020007457,49.14213562373098,181,-349
learned_spike,learned_spike,0.35,5,0.75,0.2,0.0,1.0,2482,69.7405950004395,517.1782350007561,49.14213562373098,181,-349
learned_spike,learned_spike,0.35,5,0.75,0.1,0.0,1.0,2482,70.207918000051,517.6455580003676,49.14213562373098,181,-349
learned_spike,learned_spike,0.35,3,0.5,0.05,0.0,1.0,2486,67.67224999930477,515.1098899996214,49.14213562373098,181,-345
learned_spike,learned_spike,0.35,3,0.5,0.1,0.0,1.0,2486,69.80279999970662,517.2404400000232,49.14213562373098,181,-345
learned_spike,learned_spike,0.35,3,0.5,0.2,0.0,1.0,2486,74.57577299919649,522.0134129995131,49.14213562373098,181,-345
learned_spike,learned_spike,0.35,3,0.75,0.1,0.0,1.0,2488,70.75955100026476,518.1971910005814,49.14213562373098,181,-343
learned_spike,learned_spike,0.35,3,0.75,0.05,0.0,1.0,2488,71.28191500032699,518.7195550006436,49.14213562373098,181,-343
learned_spike,learned_spike,0.35,3,0.75,0.2,0.0,1.0,2488,76.2562469999466,523.6938870002632,49.14213562373098,181,-343
learned_spike,learned_spike,0.35,3,1.0,0.1,0.0,1.0,2495,70.60104900028819,518.0386890006048,49.14213562373098,181,-336
learned_spike,learned_spike,0.35,3,1.0,0.05,0.0,1.0,2495,74.04592999955639,521.483569999873,49.14213562373098,181,-336
learned_spike,learned_spike,0.35,3,1.0,0.2,0.0,1.0,2495,78.2456609995279,525.6833009998445,49.14213562373098,181,-336
learned_spike_safe,learned_spike_safe,0.35,5,1.0,0.2,0.2,0.5,2500,68.71027099987259,516.1479110001892,49.14213562373098,181,-331
learned_spike_safe,learned_spike_safe,0.35,5,1.0,0.2,0.15,0.5,2500,70.29360999968048,517.7312499999971,49.14213562373098,181,-331
learned_spike_safe,learned_spike_safe,0.35,5,1.0,0.1,0.2,0.5,2500,71.64957399982086,519.0872140001375,49.14213562373098,181,-331
learned_spike_safe,learned_spike_safe,0.35,5,1.0,0.1,0.15,0.5,2500,74.24025900036213,521.6778990006787,49.14213562373098,181,-331
learned_spike_safe,learned_spike_safe,0.35,5,1.0,0.05,0.2,0.5,2500,95.12850699957198,542.5661469998886,49.14213562373098,181,-331
learned_spike_safe,learned_spike_safe,0.35,5,1.0,0.05,0.15,0.5,2500,129.99624799977028,577.4338880000869,49.14213562373098,181,-331
learned_spike_safe,learned_spike_safe,0.35,5,0.75,0.2,0.15,0.5,2504,68.65913300043758,516.0967730007542,49.14213562373098,181,-327
learned_spike_safe,learned_spike_safe,0.35,5,0.75,0.1,0.2,0.5,2504,70.50294100008614,517.9405810004027,49.14213562373098,181,-327
learned_spike_safe,learned_spike_safe,0.35,5,0.75,0.05,0.2,0.5,2504,70.64194600025075,518.0795860005674,49.14213562373098,181,-327
learned_spike_safe,learned_spike_safe,0.35,5,0.75,0.1,0.15,0.5,2504,70.69434599998203,518.1319860002986,49.14213562373098,181,-327
learned_spike_safe,learned_spike_safe,0.35,5,0.75,0.05,0.15,0.5,2504,70.70843299970875,518.1460730000254,49.14213562373098,181,-327
learned_spike_safe,learned_spike_safe,0.35,5,0.75,0.2,0.2,0.5,2504,74.2456210000455,521.6832610003621,49.14213562373098,181,-327
learned_spike_safe,learned_spike_safe,0.35,3,0.5,0.1,0.15,0.5,2506,69.33376100005262,516.7714010003692,49.14213562373098,181,-325
learned_spike_safe,learned_spike_safe,0.35,3,0.5,0.1,0.2,0.5,2506,69.47357099943474,516.9112109997513,49.14213562373098,181,-325
learned_spike_safe,learned_spike_safe,0.35,3,0.5,0.05,0.2,0.5,2506,69.48713200017664,516.9247720004932,49.14213562373098,181,-325
learned_spike_safe,learned_spike_safe,0.35,3,0.5,0.05,0.15,0.5,2506,70.02228399960586,517.4599239999225,49.14213562373098,181,-325
learned_spike_safe,learned_spike_safe,0.35,3,0.75,0.2,0.15,0.5,2506,71.74700599989592,519.1846460002125,49.14213562373098,181,-325
learned_spike_safe,learned_spike_safe,0.35,3,0.75,0.2,0.2,0.5,2506,71.99436999962927,519.4320099999459,49.14213562373098,181,-325
learned_spike_safe,learned_spike_safe,0.35,3,0.75,0.05,0.2,0.5,2506,72.44337299925974,519.8810129995763,49.14213562373098,181,-325
learned_spike_safe,learned_spike_safe,0.35,3,0.75,0.05,0.15,0.5,2506,72.46135300010792,519.8989930004245,49.14213562373098,181,-325
learned_spike_safe,learned_spike_safe,0.35,3,0.5,0.2,0.15,0.5,2506,73.9492729999256,521.3869130002422,49.14213562373098,181,-325
learned_spike_safe,learned_spike_safe,0.35,3,0.75,0.1,0.2,0.5,2506,75.69345699994301,523.1310970002596,49.14213562373098,181,-325
learned_spike_safe,learned_spike_safe,0.35,3,0.5,0.2,0.2,0.5,2506,76.50167500014504,523.9393150004616,49.14213562373098,181,-325
learned_spike_safe,learned_spike_safe,0.35,3,0.75,0.1,0.15,0.5,2506,78.49686900044617,525.9345090007628,49.14213562373098,181,-325
learned_spike_safe,learned_spike_safe,0.35,3,1.0,0.1,0.15,0.5,2507,67.66022100055125,515.0978610008679,49.14213562373098,181,-324
learned_spike_safe,learned_spike_safe,0.35,3,1.0,0.05,0.15,0.5,2507,70.63104000008025,518.0686800003969,49.14213562373098,181,-324
learned_spike_safe,learned_spike_safe,0.35,3,1.0,0.05,0.2,0.5,2507,70.66337099968223,518.1010109999988,49.14213562373098,181,-324
learned_spike_safe,learned_spike_safe,0.35,3,1.0,0.1,0.2,0.5,2507,72.80008199995791,520.2377220002745,49.14213562373098,181,-324
learned_spike_safe,learned_spike_safe,0.35,3,1.0,0.2,0.2,0.5,2507,73.43742099965311,520.8750609999697,49.14213562373098,181,-324
learned_spike_safe,learned_spike_safe,0.35,3,1.0,0.2,0.15,0.5,2507,78.57882399912341,526.01646399944,49.14213562373098,181,-324
learned_spike_safe,learned_spike_safe,0.35,5,0.5,0.05,0.2,0.5,2510,69.84018300045136,517.277823000768,49.14213562373098,181,-321
learned_spike_safe,learned_spike_safe,0.35,5,0.5,0.05,0.15,0.5,2510,70.09760499931872,517.5352449996353,49.14213562373098,181,-321
learned_spike_safe,learned_spike_safe,0.35,5,0.5,0.1,0.15,0.5,2510,70.11258900001849,517.5502290003351,49.14213562373098,181,-321
learned_spike_safe,learned_spike_safe,0.35,5,0.5,0.2,0.15,0.5,2510,71.25040399932914,518.6880439996457,49.14213562373098,181,-321
learned_spike_safe,learned_spike_safe,0.35,5,0.5,0.1,0.2,0.5,2510,71.43038300000626,518.8680230003229,49.14213562373098,181,-321
learned_spike_safe,learned_spike_safe,0.35,5,0.5,0.2,0.2,0.5,2510,73.20235800034425,520.6399980006609,49.14213562373098,181,-321
learned,learned,0.35,0,0.0,0.0,0.0,1.0,2520,74.69211799980258,522.1297580001192,49.14213562373098,181,-311
learned_spike,learned_spike,0.5,5,1.0,0.2,0.0,1.0,2526,72.79357900006289,520.2312190003795,49.14213562373098,181,-305
learned_spike,learned_spike,0.5,5,1.0,0.05,0.0,1.0,2526,73.3337700003176,520.7714100006342,49.14213562373098,181,-305
learned_spike,learned_spike,0.5,5,1.0,0.1,0.0,1.0,2526,95.36099600063608,542.7986360009527,49.14213562373098,181,-305
learned_spike,learned_spike,0.5,5,0.5,0.1,0.0,1.0,2531,77.65555500009214,525.0931950004087,49.14213562373098,181,-300
learned_spike,learned_spike,0.5,5,0.5,0.2,0.0,1.0,2531,78.38972999979887,525.8273700001155,49.14213562373098,181,-300
learned_spike,learned_spike,0.5,5,0.5,0.05,0.0,1.0,2531,78.9724030000798,526.4100430003964,49.14213562373098,181,-300
learned_spike,learned_spike,0.5,5,0.75,0.2,0.0,1.0,2533,72.05963800061,519.4972780009266,49.14213562373098,181,-298
learned_spike,learned_spike,0.5,5,0.75,0.1,0.0,1.0,2533,74.26031999966654,521.6979599999831,49.14213562373098,181,-298
learned_spike,learned_spike,0.5,5,0.75,0.05,0.0,1.0,2533,78.66842699968402,526.1060670000006,49.14213562373098,181,-298
none,none,0.35,0,0.0,0.0,0.0,1.0,2538,77.06947400038189,524.5071140006985,49.14213562373098,181,-293
learned_spike,learned_spike,0.5,3,0.5,0.1,0.0,1.0,2539,75.23399399997288,522.6716340002895,49.14213562373098,181,-292
learned_spike,learned_spike,0.5,3,0.5,0.2,0.0,1.0,2539,77.25843100070051,524.6960710010171,49.14213562373098,181,-292
learned_spike,learned_spike,0.5,3,0.5,0.05,0.0,1.0,2539,78.52071199977217,525.9583520000888,49.14213562373098,181,-292
learned_spike,learned_spike,0.5,3,0.75,0.05,0.0,1.0,2540,77.16948500001308,524.6071250003297,49.14213562373098,181,-291
learned_spike,learned_spike,0.5,3,0.75,0.2,0.0,1.0,2540,77.44400600040535,524.881646000722,49.14213562373098,181,-291
learned_spike,learned_spike,0.5,3,0.75,0.1,0.0,1.0,2540,79.11065099960979,526.5482909999264,49.14213562373098,181,-291
learned_spike,learned_spike,0.5,3,1.0,0.2,0.0,1.0,2547,70.12954600031662,517.5671860006332,49.14213562373098,181,-284
learned_spike,learned_spike,0.5,3,1.0,0.05,0.0,1.0,2547,73.07850300003338,520.51614300035,49.14213562373098,181,-284
learned_spike,learned_spike,0.5,3,1.0,0.1,0.0,1.0,2547,77.44161199934751,524.8792519996641,49.14213562373098,181,-284
learned_spike_safe,learned_spike_safe,0.5,5,1.0,0.2,0.15,0.5,2552,69.56994699976349,517.0075870000801,49.14213562373098,181,-279
learned_spike_safe,learned_spike_safe,0.5,5,1.0,0.05,0.15,0.5,2552,78.8102059996163,526.2478459999329,49.14213562373098,181,-279
learned_spike_safe,learned_spike_safe,0.5,5,1.0,0.1,0.15,0.5,2552,138.75880900013726,586.1964490004539,49.14213562373098,181,-279
learned_spike_safe,learned_spike_safe,0.5,5,1.0,0.2,0.2,0.5,2559,69.67716300005122,517.1148030003678,49.14213562373098,181,-272
learned_spike_safe,learned_spike_safe,0.5,5,1.0,0.05,0.2,0.5,2559,74.20908899985079,521.6467290001674,49.14213562373098,181,-272
learned_spike_safe,learned_spike_safe,0.5,5,1.0,0.1,0.2,0.5,2559,92.33279500040226,539.7704350007189,49.14213562373098,181,-272
learned_spike_safe,learned_spike_safe,0.5,5,0.75,0.1,0.15,0.5,2561,69.66955700045219,517.1071970007688,49.14213562373098,181,-270
learned_spike_safe,learned_spike_safe,0.5,5,0.75,0.1,0.2,0.5,2561,69.74696099950961,517.1846009998262,49.14213562373098,181,-270
learned_spike_safe,learned_spike_safe,0.5,5,0.75,0.2,0.2,0.5,2561,70.67792999987432,518.1155700001909,49.14213562373098,181,-270
learned_spike_safe,learned_spike_safe,0.5,5,0.75,0.2,0.15,0.5,2561,71.33555399923353,518.7731939995501,49.14213562373098,181,-270
learned_spike_safe,learned_spike_safe,0.5,5,0.75,0.05,0.15,0.5,2561,77.86765200035006,525.3052920006667,49.14213562373098,181,-270
learned_spike_safe,learned_spike_safe,0.5,5,0.75,0.05,0.2,0.5,2561,105.12953400029801,552.5671740006146,49.14213562373098,181,-270
learned_spike_safe,learned_spike_safe,0.5,5,0.5,0.2,0.15,0.5,2565,66.35737800024799,513.7950180005646,49.14213562373098,181,-266
learned_spike_safe,learned_spike_safe,0.5,5,0.5,0.1,0.15,0.5,2565,68.06966200019815,515.5073020005148,49.14213562373098,181,-266
learned_spike_safe,learned_spike_safe,0.5,5,0.5,0.2,0.2,0.5,2565,68.4133960003237,515.8510360006403,49.14213562373098,181,-266
learned_spike_safe,learned_spike_safe,0.5,5,0.5,0.05,0.2,0.5,2565,74.9504089999391,522.3880490002557,49.14213562373098,181,-266
learned_spike_safe,learned_spike_safe,0.5,5,0.5,0.05,0.15,0.5,2565,75.56555100018159,523.0031910004982,49.14213562373098,181,-266
learned_spike_safe,learned_spike_safe,0.5,5,0.5,0.1,0.2,0.5,2565,77.2115859999758,524.6492260002924,49.14213562373098,181,-266
learned_spike_safe,learned_spike_safe,0.5,3,0.75,0.2,0.15,0.5,2572,65.32537299972319,512.7630130000398,49.14213562373098,181,-259
learned_spike_safe,learned_spike_safe,0.5,3,0.75,0.05,0.2,0.5,2572,73.13935999991372,520.5770000002303,49.14213562373098,181,-259
learned_spike_safe,learned_spike_safe,0.5,3,0.75,0.05,0.15,0.5,2572,76.10934399963298,523.5469839999496,49.14213562373098,181,-259
learned_spike_safe,learned_spike_safe,0.5,3,0.75,0.2,0.2,0.5,2572,76.65165000071283,524.0892900010294,49.14213562373098,181,-259
learned_spike_safe,learned_spike_safe,0.5,3,0.75,0.1,0.15,0.5,2572,79.7371970002132,527.1748370005298,49.14213562373098,181,-259
learned_spike_safe,learned_spike_safe,0.5,3,0.75,0.1,0.2,0.5,2572,81.60840399978042,529.046044000097,49.14213562373098,181,-259
learned_spike_safe,learned_spike_safe,0.5,3,1.0,0.05,0.2,0.5,2573,70.39987100051803,517.8375110008346,49.14213562373098,181,-258
learned_spike_safe,learned_spike_safe,0.5,3,1.0,0.2,0.15,0.5,2573,72.03760399988823,519.4752440002048,49.14213562373098,181,-258
learned_spike_safe,learned_spike_safe,0.5,3,1.0,0.2,0.2,0.5,2573,77.93213599961746,525.3697759999341,49.14213562373098,181,-258
learned_spike_safe,learned_spike_safe,0.5,3,1.0,0.05,0.15,0.5,2573,79.59358500011149,527.0312250004281,49.14213562373098,181,-258
learned_spike_safe,learned_spike_safe,0.5,3,1.0,0.1,0.2,0.5,2573,80.73994599999423,528.1775860003108,49.14213562373098,181,-258
learned_spike_safe,learned_spike_safe,0.5,3,1.0,0.1,0.15,0.5,2573,81.41290999992634,528.850550000243,49.14213562373098,181,-258
learned_spike_safe,learned_spike_safe,0.5,3,0.5,0.1,0.2,0.5,2574,68.75510200006829,516.1927420003849,49.14213562373098,181,-257
learned_spike_safe,learned_spike_safe,0.5,3,0.5,0.2,0.2,0.5,2574,71.14587500018388,518.5835150005005,49.14213562373098,181,-257
learned_spike_safe,learned_spike_safe,0.5,3,0.5,0.05,0.15,0.5,2574,72.4858880003012,519.9235280006178,49.14213562373098,181,-257
learned_spike_safe,learned_spike_safe,0.5,3,0.5,0.1,0.15,0.5,2574,72.74076599969703,520.1784060000136,49.14213562373098,181,-257
learned_spike_safe,learned_spike_safe,0.5,3,0.5,0.2,0.15,0.5,2574,75.94733699988865,523.3849770002053,49.14213562373098,181,-257
learned_spike_safe,learned_spike_safe,0.5,3,0.5,0.05,0.2,0.5,2574,75.99376799953461,523.4314079998512,49.14213562373098,181,-257
learned,learned,0.5,0,0.0,0.0,0.0,1.0,2642,74.08763700004783,521.5252770003644,49.14213562373098,181,-189
none,none,0.5,0,0.0,0.0,0.0,1.0,2661,80.76110299953143,528.198742999848,49.14213562373098,181,-170
learned_spike,learned_spike,0.75,5,1.0,0.05,0.0,1.0,2719,82.95915899998363,530.3967990003002,49.14213562373098,181,-112
learned_spike,learned_spike,0.75,5,1.0,0.1,0.0,1.0,2719,91.85970700036705,539.2973470006837,49.14213562373098,181,-112
learned_spike,learned_spike,0.75,5,1.0,0.2,0.0,1.0,2719,94.89745600058086,542.3350960008975,49.14213562373098,181,-112
learned_spike,learned_spike,0.75,5,0.5,0.05,0.0,1.0,2720,77.63220700053353,525.0698470008501,49.14213562373098,181,-111
learned_spike,learned_spike,0.75,5,0.5,0.2,0.0,1.0,2720,79.75265299955936,527.190292999876,49.14213562373098,181,-111
learned_spike,learned_spike,0.75,5,0.5,0.1,0.0,1.0,2720,84.5036569999138,531.9412970002304,49.14213562373098,181,-111
learned_spike,learned_spike,0.75,5,0.75,0.05,0.0,1.0,2723,73.96457699996972,521.4022170002863,49.14213562373098,181,-108
learned_spike,learned_spike,0.75,5,0.75,0.2,0.0,1.0,2723,81.21905900043203,528.6566990007486,49.14213562373098,181,-108
learned_spike,learned_spike,0.75,5,0.75,0.1,0.0,1.0,2723,114.44555999969452,561.8832000000111,49.14213562373098,181,-108
learned_spike,learned_spike,0.75,3,1.0,0.1,0.0,1.0,2775,78.30483300040214,525.7424730007187,49.14213562373098,181,-56
learned_spike,learned_spike,0.75,3,1.0,0.2,0.0,1.0,2775,81.42687599956844,528.864515999885,49.14213562373098,181,-56
learned_spike,learned_spike,0.75,3,1.0,0.05,0.0,1.0,2775,84.36064200031979,531.7982820006364,49.14213562373098,181,-56
learned_spike_safe,learned_spike_safe,0.75,5,0.5,0.05,0.15,0.5,2859,80.75149499927647,528.1891349995931,49.14213562373098,181,28
learned_spike_safe,learned_spike_safe,0.75,5,0.5,0.05,0.2,0.5,2859,82.60470099958184,530.0423409998984,49.14213562373098,181,28
learned_spike_safe,learned_spike_safe,0.75,5,0.5,0.1,0.15,0.5,2859,83.6439380000229,531.0815780003395,49.14213562373098,181,28
learned_spike_safe,learned_spike_safe,0.75,5,0.5,0.2,0.2,0.5,2859,89.45504500024981,536.8926850005664,49.14213562373098,181,28
learned_spike_safe,learned_spike_safe,0.75,5,0.5,0.2,0.15,0.5,2859,90.55939400059287,537.9970340009095,49.14213562373098,181,28
learned_spike_safe,learned_spike_safe,0.75,5,0.5,0.1,0.2,0.5,2859,92.09155200005625,539.5291920003729,49.14213562373098,181,28
learned_spike,learned_spike,1.0,5,1.0,0.2,0.0,1.0,2867,80.622184999811,528.0598250001276,49.14213562373098,181,36
learned_spike,learned_spike,1.0,5,1.0,0.05,0.0,1.0,2867,83.03282500037312,530.4704650006897,49.14213562373098,181,36
learned_spike,learned_spike,1.0,5,1.0,0.1,0.0,1.0,2867,88.86419400005252,536.3018340003691,49.14213562373098,181,36
learned_spike_safe,learned_spike_safe,0.75,5,0.75,0.05,0.15,0.5,2872,80.49978600047325,527.9374260007899,49.14213562373098,181,41
learned_spike_safe,learned_spike_safe,0.75,5,0.75,0.2,0.15,0.5,2872,84.64857099988876,532.0862110002054,49.14213562373098,181,41
learned_spike_safe,learned_spike_safe,0.75,5,0.75,0.05,0.2,0.5,2872,89.62797299955128,537.0656129998679,49.14213562373098,181,41
learned_spike_safe,learned_spike_safe,0.75,5,0.75,0.2,0.2,0.5,2872,91.30686899970897,538.7445090000256,49.14213562373098,181,41
learned_spike_safe,learned_spike_safe,0.75,5,0.75,0.1,0.2,0.5,2872,107.28029899928515,554.7179389996018,49.14213562373098,181,41
learned_spike_safe,learned_spike_safe,0.75,5,0.75,0.1,0.15,0.5,2872,115.90713199984748,563.3447720001641,49.14213562373098,181,41
learned,learned,0.75,0,0.0,0.0,0.0,1.0,2879,79.27500599998893,526.7126460003055,49.14213562373098,181,48
learned_spike,learned_spike,1.0,5,0.75,0.2,0.0,1.0,2884,78.48744000057195,525.9250800008886,49.14213562373098,181,53
learned_spike,learned_spike,1.0,5,0.75,0.1,0.0,1.0,2884,78.59578199986572,526.0334220001823,49.14213562373098,181,53
learned_spike,learned_spike,1.0,5,0.75,0.05,0.0,1.0,2884,80.22529699974257,527.6629370000592,49.14213562373098,181,53
learned_spike_safe,learned_spike_safe,0.75,5,1.0,0.1,0.15,0.5,2887,83.16721800019877,530.6048580005154,49.14213562373098,181,56
learned_spike_safe,learned_spike_safe,0.75,5,1.0,0.05,0.15,0.5,2887,85.8468480000738,533.2844880003904,49.14213562373098,181,56
learned_spike_safe,learned_spike_safe,0.75,5,1.0,0.2,0.2,0.5,2887,86.5035099996021,533.9411499999187,49.14213562373098,181,56
learned_spike_safe,learned_spike_safe,0.75,5,1.0,0.2,0.15,0.5,2887,87.95761999954266,535.3952599998593,49.14213562373098,181,56
learned_spike_safe,learned_spike_safe,0.75,5,1.0,0.05,0.2,0.5,2887,90.81109700036905,538.2487370006857,49.14213562373098,181,56
learned_spike_safe,learned_spike_safe,0.75,5,1.0,0.1,0.2,0.5,2887,109.36084300010407,556.7984830004207,49.14213562373098,181,56
none,none,0.75,0,0.0,0.0,0.0,1.0,2894,87.54764900004375,534.9852890003604,49.14213562373098,181,63
learned_spike_safe,learned_spike_safe,0.75,3,1.0,0.05,0.15,0.5,2911,80.12722700004815,527.5648670003648,49.14213562373098,181,80
learned_spike_safe,learned_spike_safe,0.75,3,1.0,0.2,0.15,0.5,2911,80.60857600048621,528.0462160008028,49.14213562373098,181,80
learned_spike_safe,learned_spike_safe,0.75,3,1.0,0.05,0.2,0.5,2911,80.89656999982253,528.3342100001391,49.14213562373098,181,80
learned_spike_safe,learned_spike_safe,0.75,3,1.0,0.1,0.2,0.5,2911,81.25464499971713,528.6922850000337,49.14213562373098,181,80
learned_spike_safe,learned_spike_safe,0.75,3,1.0,0.1,0.15,0.5,2911,82.49900200007687,529.9366420003935,49.14213562373098,181,80
learned_spike_safe,learned_spike_safe,0.75,3,1.0,0.2,0.2,0.5,2911,107.6789610006017,555.1166010009183,49.14213562373098,181,80
learned_spike,learned_spike,0.75,3,0.5,0.1,0.0,1.0,2921,81.0408119996282,528.4784519999448,49.14213562373098,181,90
learned_spike,learned_spike,0.75,3,0.5,0.2,0.0,1.0,2921,82.03805099947203,529.4756909997886,49.14213562373098,181,90
learned_spike,learned_spike,0.75,3,0.5,0.05,0.0,1.0,2921,83.15875399966899,530.5963939999856,49.14213562373098,181,90
learned_spike_safe,learned_spike_safe,0.75,3,0.75,0.1,0.2,0.5,2921,83.31478899981448,530.7524290001311,49.34924240491752,181,90
learned_spike_safe,learned_spike_safe,0.75,3,0.75,0.05,0.2,0.5,2921,83.8315999999395,531.2692400002561,49.34924240491752,181,90
learned_spike_safe,learned_spike_safe,0.75,3,0.75,0.2,0.2,0.5,2921,83.95370400012325,531.3913440004399,49.34924240491752,181,90
learned_spike_safe,learned_spike_safe,0.75,3,0.75,0.2,0.15,0.5,2921,86.24767699984659,533.6853170001632,49.34924240491752,181,90
learned_spike_safe,learned_spike_safe,0.75,3,0.75,0.05,0.15,0.5,2921,86.84684499985451,534.2844850001711,49.34924240491752,181,90
learned_spike_safe,learned_spike_safe,0.75,3,0.75,0.1,0.15,0.5,2921,87.56420600002457,535.0018460003412,49.34924240491752,181,90
learned_spike_safe,learned_spike_safe,0.75,3,0.5,0.1,0.15,0.5,2922,80.88234400020156,528.3199840005182,49.34924240491752,181,91
learned_spike_safe,learned_spike_safe,0.75,3,0.5,0.1,0.2,0.5,2922,81.54000000013184,528.9776400004484,49.34924240491752,181,91
learned_spike_safe,learned_spike_safe,0.75,3,0.5,0.05,0.2,0.5,2922,85.66929199969309,533.1069320000097,49.34924240491752,181,91
learned_spike_safe,learned_spike_safe,0.75,3,0.5,0.05,0.15,0.5,2922,87.54398000019137,534.981620000508,49.34924240491752,181,91
learned_spike_safe,learned_spike_safe,0.75,3,0.5,0.2,0.15,0.5,2922,89.17520100021648,536.6128410005331,49.34924240491752,181,91
learned_spike_safe,learned_spike_safe,0.75,3,0.5,0.2,0.2,0.5,2922,134.35397199918953,581.7916119995061,49.34924240491752,181,91
learned_spike_safe,learned_spike_safe,1.0,5,0.75,0.05,0.2,0.5,2983,80.6813979997969,528.1190380001135,49.34924240491752,181,152
learned_spike_safe,learned_spike_safe,1.0,5,0.75,0.1,0.2,0.5,2983,82.79531100015447,530.2329510004711,49.34924240491752,181,152
learned_spike_safe,learned_spike_safe,1.0,5,0.75,0.2,0.15,0.5,2983,86.5357929997117,533.9734330000283,49.34924240491752,181,152
learned_spike_safe,learned_spike_safe,1.0,5,0.75,0.1,0.15,0.5,2983,87.60483700007171,535.0424770003883,49.34924240491752,181,152
learned_spike_safe,learned_spike_safe,1.0,5,0.75,0.05,0.15,0.5,2983,90.57953899991844,538.017179000235,49.34924240491752,181,152
learned_spike_safe,learned_spike_safe,1.0,5,0.75,0.2,0.2,0.5,2983,91.86577200034662,539.3034120006632,49.34924240491752,181,152
learned_spike_safe,learned_spike_safe,1.0,5,1.0,0.2,0.2,0.5,2993,81.06971300003352,528.5073530003501,49.34924240491752,181,162
learned_spike_safe,learned_spike_safe,1.0,5,1.0,0.05,0.15,0.5,2993,82.22221300002275,529.6598530003394,49.34924240491752,181,162
learned_spike_safe,learned_spike_safe,1.0,5,1.0,0.1,0.15,0.5,2993,82.47141999981977,529.9090600001364,49.34924240491752,181,162
learned_spike_safe,learned_spike_safe,1.0,5,1.0,0.1,0.2,0.5,2993,83.301112999834,530.7387530001506,49.34924240491752,181,162
learned_spike_safe,learned_spike_safe,1.0,5,1.0,0.05,0.2,0.5,2993,83.75130700005684,531.1889470003734,49.34924240491752,181,162
learned_spike_safe,learned_spike_safe,1.0,5,1.0,0.2,0.15,0.5,2993,91.93578000031266,539.3734200006293,49.34924240491752,181,162
learned_spike,learned_spike,0.75,3,0.75,0.1,0.0,1.0,3034,82.86705000045913,530.3046900007757,49.14213562373098,181,203
learned_spike,learned_spike,0.75,3,0.75,0.2,0.0,1.0,3034,88.59838699936518,536.0360269996818,49.14213562373098,181,203
learned_spike,learned_spike,0.75,3,0.75,0.05,0.0,1.0,3034,111.64659499991103,559.0842350002276,49.14213562373098,181,203
learned,learned,1.0,0,0.0,0.0,0.0,1.0,3061,88.71370700035186,536.1513470006685,49.14213562373098,181,230
learned_spike_safe,learned_spike_safe,1.0,5,0.5,0.05,0.15,0.5,3061,82.65357100026449,530.0912110005811,49.34924240491752,181,230
learned_spike_safe,learned_spike_safe,1.0,5,0.5,0.1,0.2,0.5,3061,83.54735400007485,530.9849940003915,49.34924240491752,181,230
learned_spike_safe,learned_spike_safe,1.0,5,0.5,0.1,0.15,0.5,3061,84.24319499954436,531.680834999861,49.34924240491752,181,230
learned_spike_safe,learned_spike_safe,1.0,5,0.5,0.2,0.15,0.5,3061,85.0614510000014,532.499091000318,49.34924240491752,181,230
learned_spike_safe,learned_spike_safe,1.0,5,0.5,0.2,0.2,0.5,3061,86.33624799949757,533.7738879998142,49.34924240491752,181,230
learned_spike_safe,learned_spike_safe,1.0,5,0.5,0.05,0.2,0.5,3061,108.04075200030638,555.478392000623,49.34924240491752,181,230
learned_spike_safe,learned_spike_safe,1.25,5,1.0,0.2,0.2,0.5,3079,82.31632400020317,529.7539640005198,49.34924240491752,181,248
learned_spike_safe,learned_spike_safe,1.25,5,1.0,0.1,0.15,0.5,3079,82.46176499960711,529.8994049999237,49.34924240491752,181,248
learned_spike_safe,learned_spike_safe,1.25,5,1.0,0.2,0.15,0.5,3079,83.14058099949762,530.5782209998142,49.34924240491752,181,248
learned_spike_safe,learned_spike_safe,1.25,5,1.0,0.05,0.2,0.5,3079,86.71551499992347,534.1531550002401,49.34924240491752,181,248
learned_spike_safe,learned_spike_safe,1.25,5,1.0,0.1,0.2,0.5,3079,90.75034000034066,538.1879800006573,49.34924240491752,181,248
learned_spike_safe,learned_spike_safe,1.25,5,1.0,0.05,0.15,0.5,3079,114.70916500002204,562.1468050003386,49.34924240491752,181,248
learned_spike_safe,learned_spike_safe,1.25,5,0.75,0.1,0.2,0.5,3098,82.37817699955485,529.8158169998715,49.34924240491752,181,267
learned_spike_safe,learned_spike_safe,1.25,5,0.75,0.2,0.15,0.5,3098,83.26880000004167,530.7064400003583,49.34924240491752,181,267
learned_spike_safe,learned_spike_safe,1.25,5,0.75,0.2,0.2,0.5,3098,83.83435999985522,531.2720000001718,49.34924240491752,181,267
learned_spike_safe,learned_spike_safe,1.25,5,0.75,0.05,0.2,0.5,3098,86.79511500031367,534.2327550006303,49.34924240491752,181,267
learned_spike_safe,learned_spike_safe,1.25,5,0.75,0.05,0.15,0.5,3098,87.11813800073287,534.5557780010495,49.34924240491752,181,267
learned_spike_safe,learned_spike_safe,1.25,5,0.75,0.1,0.15,0.5,3098,120.14831800024695,567.5859580005636,49.34924240491752,181,267
learned_spike_safe,learned_spike_safe,1.0,3,1.0,0.05,0.2,0.5,3108,86.18957799990312,533.6272180002197,49.34924240491752,181,277
learned_spike_safe,learned_spike_safe,1.0,3,1.0,0.1,0.15,0.5,3108,86.2453949994233,533.6830349997399,49.34924240491752,181,277
learned_spike_safe,learned_spike_safe,1.0,3,1.0,0.1,0.2,0.5,3108,86.99866000006296,534.4363000003796,49.34924240491752,181,277
learned_spike_safe,learned_spike_safe,1.0,3,1.0,0.2,0.15,0.5,3108,93.07569700013119,540.5133370004478,49.34924240491752,181,277
learned_spike_safe,learned_spike_safe,1.0,3,1.0,0.05,0.15,0.5,3108,95.04714899958344,542.4847889999,49.34924240491752,181,277
learned_spike_safe,learned_spike_safe,1.0,3,1.0,0.2,0.2,0.5,3108,99.27766900000279,546.7153090003194,49.34924240491752,181,277
learned_spike_safe,learned_spike_safe,1.0,3,0.75,0.1,0.15,0.5,3112,85.18688700041821,532.6245270007348,49.34924240491752,181,281
learned_spike_safe,learned_spike_safe,1.0,3,0.75,0.2,0.2,0.5,3112,88.16525600013847,535.6028960004551,49.34924240491752,181,281
learned_spike_safe,learned_spike_safe,1.0,3,0.75,0.1,0.2,0.5,3112,91.71934000005422,539.1569800003708,49.34924240491752,181,281
learned_spike_safe,learned_spike_safe,1.0,3,0.75,0.2,0.15,0.5,3112,93.89009999995324,541.3277400002698,49.34924240491752,181,281
learned_spike_safe,learned_spike_safe,1.0,3,0.75,0.05,0.2,0.5,3112,94.2109369998434,541.64857700016,49.34924240491752,181,281
learned_spike_safe,learned_spike_safe,1.0,3,0.75,0.05,0.15,0.5,3112,94.97621600075945,542.413856001076,49.34924240491752,181,281
learned_spike_safe,learned_spike_safe,1.0,3,0.5,0.1,0.2,0.5,3116,83.37907799977984,530.8167180000964,49.34924240491752,181,285
learned_spike_safe,learned_spike_safe,1.0,3,0.5,0.05,0.15,0.5,3116,85.47055500002898,532.9081950003456,49.34924240491752,181,285
learned_spike_safe,learned_spike_safe,1.0,3,0.5,0.2,0.15,0.5,3116,86.72279300026275,534.1604330005794,49.34924240491752,181,285
learned_spike_safe,learned_spike_safe,1.0,3,0.5,0.2,0.2,0.5,3116,89.26240999971924,536.7000500000358,49.34924240491752,181,285
learned_spike_safe,learned_spike_safe,1.0,3,0.5,0.05,0.2,0.5,3116,89.57459300017945,537.012233000496,49.34924240491752,181,285
learned_spike_safe,learned_spike_safe,1.0,3,0.5,0.1,0.15,0.5,3116,92.24179299962998,539.6794329999466,49.34924240491752,181,285
learned_spike_safe,learned_spike_safe,1.25,3,1.0,0.05,0.15,0.5,3144,83.50310500009073,530.9407450004073,49.34924240491752,181,313
learned_spike_safe,learned_spike_safe,1.25,3,1.0,0.2,0.2,0.5,3144,85.76717600044503,533.2048160007616,49.34924240491752,181,313
learned_spike_safe,learned_spike_safe,1.25,3,1.0,0.1,0.15,0.5,3144,89.37052700002823,536.8081670003448,49.34924240491752,181,313
learned_spike_safe,learned_spike_safe,1.25,3,1.0,0.05,0.2,0.5,3144,89.94585599975835,537.383496000075,49.34924240491752,181,313
learned_spike_safe,learned_spike_safe,1.25,3,1.0,0.2,0.15,0.5,3144,95.6649509998897,543.1025910002063,49.34924240491752,181,313
learned_spike_safe,learned_spike_safe,1.25,3,1.0,0.1,0.2,0.5,3144,100.65693799970177,548.0945780000184,49.34924240491752,181,313
learned_spike_safe,learned_spike_safe,1.25,5,0.5,0.2,0.2,0.5,3194,87.70012999957544,535.137769999892,49.34924240491752,181,363
learned_spike_safe,learned_spike_safe,1.25,5,0.5,0.2,0.15,0.5,3194,89.07500799978152,536.5126480000981,49.34924240491752,181,363
learned_spike_safe,learned_spike_safe,1.25,5,0.5,0.05,0.2,0.5,3194,90.38409999993746,537.8217400002541,49.34924240491752,181,363
learned_spike_safe,learned_spike_safe,1.25,5,0.5,0.1,0.15,0.5,3194,90.6542120001177,538.0918520004343,49.34924240491752,181,363
learned_spike_safe,learned_spike_safe,1.25,5,0.5,0.05,0.15,0.5,3194,92.69663800023409,540.1342780005507,49.34924240491752,181,363
learned_spike_safe,learned_spike_safe,1.25,5,0.5,0.1,0.2,0.5,3194,102.380094000182,549.8177340004986,49.34924240491752,181,363
learned_spike_safe,learned_spike_safe,1.25,3,0.75,0.2,0.15,0.5,3195,86.49907499966503,533.9367149999816,49.34924240491752,181,364
learned_spike_safe,learned_spike_safe,1.25,3,0.75,0.05,0.15,0.5,3195,89.69789799994032,537.1355380002569,49.34924240491752,181,364
learned_spike_safe,learned_spike_safe,1.25,3,0.75,0.1,0.2,0.5,3195,91.9494259997009,539.3870660000175,49.34924240491752,181,364
learned_spike_safe,learned_spike_safe,1.25,3,0.75,0.2,0.2,0.5,3195,94.71666499939602,542.1543049997126,49.34924240491752,181,364
learned_spike_safe,learned_spike_safe,1.25,3,0.75,0.05,0.2,0.5,3195,95.42783100005181,542.8654710003684,49.34924240491752,181,364
learned_spike_safe,learned_spike_safe,1.25,3,0.75,0.1,0.15,0.5,3195,113.0030659996919,560.4407060000085,49.34924240491752,181,364
learned_spike,learned_spike,1.0,5,0.5,0.1,0.0,1.0,3201,88.07784900000115,535.5154890003178,49.34924240491752,181,370
learned_spike,learned_spike,1.0,5,0.5,0.2,0.0,1.0,3201,90.41801100011071,537.8556510004273,49.34924240491752,181,370
learned_spike,learned_spike,1.0,5,0.5,0.05,0.0,1.0,3201,93.90334599993366,541.3409860002503,49.34924240491752,181,370
learned_spike_safe,learned_spike_safe,1.25,3,0.5,0.1,0.2,0.5,3214,84.61675400030799,532.0543940006246,49.34924240491752,181,383
learned_spike_safe,learned_spike_safe,1.25,3,0.5,0.1,0.15,0.5,3214,87.5278059993434,534.96544599966,49.34924240491752,181,383
learned_spike_safe,learned_spike_safe,1.25,3,0.5,0.2,0.2,0.5,3214,96.90300199963531,544.3406419999519,49.34924240491752,181,383
learned_spike_safe,learned_spike_safe,1.25,3,0.5,0.05,0.15,0.5,3214,96.922423000251,544.3600630005676,49.34924240491752,181,383
learned_spike_safe,learned_spike_safe,1.25,3,0.5,0.05,0.2,0.5,3214,98.27171300003101,545.7093530003476,49.34924240491752,181,383
learned_spike_safe,learned_spike_safe,1.25,3,0.5,0.2,0.15,0.5,3214,127.25880200014217,574.6964420004588,49.34924240491752,181,383
learned_spike,learned_spike,1.25,5,1.0,0.05,0.0,1.0,3229,86.29256299991539,533.730203000232,49.34924240491752,181,398
learned_spike,learned_spike,1.25,5,1.0,0.1,0.0,1.0,3229,87.45954500045627,534.8971850007729,49.34924240491752,181,398
learned_spike,learned_spike,1.25,5,1.0,0.2,0.0,1.0,3229,95.58971099977498,543.0273510000916,49.34924240491752,181,398
learned_spike,learned_spike,1.0,3,1.0,0.1,0.0,1.0,3238,89.08276100009971,536.5204010004163,49.34924240491752,181,407
learned_spike,learned_spike,1.0,3,1.0,0.05,0.0,1.0,3238,89.3321029998333,536.7697430001499,49.34924240491752,181,407
learned_spike,learned_spike,1.0,3,1.0,0.2,0.0,1.0,3238,90.03488300004392,537.4725230003605,49.34924240491752,181,407
learned_spike,learned_spike,1.0,3,0.75,0.2,0.0,1.0,3240,87.00700499957748,534.4446449998941,49.34924240491752,181,409
learned_spike,learned_spike,1.0,3,0.75,0.05,0.0,1.0,3240,90.30373399946257,537.7413739997792,49.34924240491752,181,409
learned_spike,learned_spike,1.0,3,0.75,0.1,0.0,1.0,3240,91.20323699971777,538.6408770000344,49.34924240491752,181,409
learned_spike,learned_spike,1.0,3,0.5,0.2,0.0,1.0,3243,92.58427199983998,540.0219120001566,49.34924240491752,181,412
learned_spike,learned_spike,1.0,3,0.5,0.05,0.0,1.0,3243,93.64576100051636,541.083401000833,49.34924240491752,181,412
learned_spike,learned_spike,1.0,3,0.5,0.1,0.0,1.0,3243,96.90806900016469,544.3457090004813,49.34924240491752,181,412
learned,learned,1.25,0,0.0,0.0,0.0,1.0,3262,93.37444100037828,540.8120810006949,49.34924240491752,181,431
learned_spike,learned_spike,1.25,5,0.75,0.2,0.0,1.0,3268,88.8637940006447,536.3014340009613,49.34924240491752,181,437
learned_spike,learned_spike,1.25,5,0.75,0.05,0.0,1.0,3268,89.67695699993783,537.1145970002544,49.34924240491752,181,437
learned_spike,learned_spike,1.25,5,0.75,0.1,0.0,1.0,3268,92.24541000003228,539.6830500003489,49.34924240491752,181,437
none,none,1.0,0,0.0,0.0,0.0,1.0,3269,104.6428809995632,552.0805209998798,49.34924240491752,181,438
learned_spike,learned_spike,1.25,3,1.0,0.05,0.0,1.0,3347,89.94798699950479,537.3856269998214,49.34924240491752,181,516
learned_spike,learned_spike,1.25,3,1.0,0.1,0.0,1.0,3347,96.41602600004262,543.8536660003592,49.34924240491752,181,516
learned_spike,learned_spike,1.25,3,1.0,0.2,0.0,1.0,3347,102.50700200049323,549.9446420008098,49.34924240491752,181,516
learned_spike,learned_spike,1.25,5,0.5,0.1,0.0,1.0,3372,94.9271179997595,542.3647580000761,49.34924240491752,181,541
learned_spike,learned_spike,1.25,5,0.5,0.2,0.0,1.0,3372,95.11697800007823,542.5546180003948,49.34924240491752,181,541
learned_spike,learned_spike,1.25,5,0.5,0.05,0.0,1.0,3372,102.09523399953468,549.5328739998513,49.34924240491752,181,541
learned_spike,learned_spike,1.25,3,0.75,0.2,0.0,1.0,3431,93.82010999979684,541.2577500001134,49.34924240491752,181,600
learned_spike,learned_spike,1.25,3,0.75,0.05,0.0,1.0,3431,95.24718800003029,542.6848280003469,49.34924240491752,181,600
learned_spike,learned_spike,1.25,3,0.75,0.1,0.0,1.0,3431,106.8772730004639,554.3149130007805,49.34924240491752,181,600
learned_spike,learned_spike,1.25,3,0.5,0.2,0.0,1.0,3450,93.13538399965182,540.5730239999684,49.34924240491752,181,619
learned_spike,learned_spike,1.25,3,0.5,0.1,0.0,1.0,3450,93.84650799984229,541.2841480001589,49.34924240491752,181,619
learned_spike,learned_spike,1.25,3,0.5,0.05,0.0,1.0,3450,95.77987100055907,543.2175110008757,49.34924240491752,181,619
none,none,1.25,0,0.0,0.0,0.0,1.0,3948,117.47626599935757,564.9139059996742,49.55634918610407,181,1117
