0.993545,0.994426,0.991203,0.992761,0.994998,0.99518,1,1,1,1,1,1,1,0.996437,0.995028,0.991659,0.991292,0.991203,0.991203,0.991203,0.992761,0.995465,0.995405,1,1,0.995826,0.993689,0.995518,0.997281,0.996644,1,1,1,0.995891,0.991149,0.996332,1,1,1,1,1,1,1,1,0.994534,0.993522,0.992302,0.991203,0.991203,0.991203,0.991515,0.992281,0.990775,0.994955,0.99599,0.994372,1,1,1,1,0.997868,0.99893,0.99924,0.996965
0.997202,0.997929,0.985528,0.988994,0.990702,0.99246,0.990131,1,1,1,1,1,0.995784,0.998436,0.997231,0.994584,0.986439,0.985546,0.985528,0.985528,0.988994,0.989639,0.99348,0.981169,0.990848,0.997054,0.993067,0.995391,0.991494,1,1,1,1,0.991032,0.996149,0.998402,1,1,1,1,0.997665,0.996655,1,0.996095,0.996843,0.991522,0.992376,0.985528,0.985528,0.985528,0.986193,0.989593,0.984216,0.993391,0.986161,0.998858,1,1,1,1,1,0.998403,0.999839,0.999292
0.991133,0.985675,0.950136,0.945975,0.95435,0.965654,0.968232,0.942711,0.995074,1,1,1,1,0.965284,0.972171,0.95457,0.948499,0.9474,0.950136,0.950136,0.945975,0.961994,0.974711,0.96529,0.956132,0.96646,0.959572,0.927928,1,1,1,1,0.948533,0.9559,0.96496,0.98145,0.986287,1,1,1,1,0.988821,0.976917,0.986582,0.971579,0.959412,0.940503,0.950338,0.951837,0.952194,0.951759,0.962737,0.937949,0.906507,1,1,1,1,1,1,1,1,0.996784,1
0.991133,0.985675,0.950136,0.946723,0.944073,0.939614,0.936545,0.943469,0.849933,0.986818,1,1,1,1,0.960803,0.959835,0.962924,0.958454,0.956099,0.93695,0.932514,0.938455,0.932275,0.940101,0.946913,0.86105,0.86731,1,1,1,0.962003,0.899727,0.953271,0.963522,0.975408,0.962901,1,1,1,1,1,1,0.982363,0.909683,0.958664,0.955929,0.950526,0.9474,0.947519,0.944911,0.958398,0.952251,0.85659,1,1,1,1,1,1,1,1,1,1,1
0.991448,0.984304,0.928446,0.942087,0.942986,0.921918,0.936026,0.946877,0.954121,0.946617,1,1,1,1,1,0.954547,0.921573,0.966055,0.95487,0.9475,0.921962,0.936532,0.915546,0.940658,0.943551,0.892397,0.812198,1,1,1,0.91066,0.927653,0.962147,0.963856,0.934058,1,1,1,1,1,1,1,1,1,0.843115,0.951676,0.947923,0.945302,0.950698,0.951753,0.954107,0.832123,0.985975,1,1,1,1,1,1,1,1,1,1,1
0.990646,0.980307,0.937773,0.919703,0.884103,0.944197,0.939676,0.939865,0.939381,0.954168,0.982619,0.995744,1,1,1,0.988158,0.961515,0.966138,0.973259,0.958447,0.955142,0.791333,0.930374,0.952415,0.920116,0.932518,0.923633,0.794459,1,0.904143,0.953017,0.951166,0.933714,0.856899,1,1,1,1,1,1,1,1,1,1,1,0.780615,0.934027,0.925356,0.940191,0.937331,0.866322,1,1,1,1,1,1,1,1,1,1,1,1,1
0.991361,0.984006,0.940403,0.823603,0.795888,0.946981,0.950083,0.940757,0.927031,0.959818,0.979958,0.989801,1,1,1,1,1,1,0.973235,0.987187,0.955302,1,0.840955,0.937391,0.934947,0.91596,0.939467,0.934008,0.685314,0.926351,0.925199,0.921748,0.859218,0.934357,1,1,1,1,1,1,1,0.999524,1,1,1,0.901271,0.814775,0.919637,0.932388,0.856356,0.95448,1,1,1,1,1,1,1,1,1,1,1,1,1
0.98818,0.973286,0.824496,1,1,0.811235,0.942971,0.940665,0.905667,0.927531,0.952158,1,1,1,1,1,1,1,1,0.97922,1,1,1,0.767144,0.929369,0.939391,0.94298,0.911706,0.918682,0.889346,0.905158,0.88542,0.917062,0.95351,1,1,1,1,1,1,0.999254,1,1,1,1,0.787618,0.906968,0.896031,0.862739,0.889507,1,1,1,1,1,1,1,1,1,1,1,1,1,1
0.990341,0.973775,0.958693,1,1,1,0.820903,0.936305,0.941225,0.865887,0.907884,1,1,1,0.995213,0.992825,1,1,1,1,1,1,1,0.94486,0.878895,0.946469,0.938236,0.938427,0.944301,0.940552,0.938121,0.882715,0.899235,1,1,1,1,1,1,1,0.998483,1,1,1,0.867599,0.923473,0.939032,0.909623,0.753042,0.774173,1,1,1,1,1,1,1,1,1,1,1,1,1,1
0.992297,0.991875,1,1,1,1,0.958247,0.904227,0.921681,0.917703,0.803615,1,1,1,0.988114,0.988196,1,1,1,1,1,1,0.991772,0.97987,0.951787,0.927802,0.950338,0.950136,0.950136,0.950136,0.941972,0.928924,0.798901,1,1,1,1,1,1,1,1,1,1,0.918086,0.910604,0.939958,0.933195,0.864547,1,0.837176,0.761968,1,1,1,1,1,1,1,1,1,1,0.999406,0.999767,1
0.99675,0.998393,1,1,1,0.990475,0.979198,0.962599,0.927337,0.934174,0.924759,0.800919,1,0.942811,0.97406,0.966963,0.922697,1,1,1,1,1,0.992826,0.98638,0.97608,0.955696,0.951504,0.950338,0.950136,0.950136,0.922582,0.935976,0.923839,0.809619,1,1,1,1,1,1,1,1,0.937699,0.902647,0.927727,0.949504,0.889328,0.951648,1,1,0.916687,0.771191,0.963573,1,0.996233,0.998702,1,1,1,1,1,1,1,0.999354
1,1,1,1,1,1,0.975192,0.965402,0.942934,0.932832,0.939467,0.934008,0.685314,0.94061,0.937366,0.936525,0.928351,0.85326,0.974308,1,1,1,1,0.990281,0.977757,0.954502,0.95719,0.947845,0.956099,0.93695,0.928011,0.943364,0.942986,0.927266,0.862157,0.960263,1,1,1,1,1,1,0.812779,0.927999,0.950838,0.940105,0.923497,1,1,1,1,0.943278,0.832706,0.924681,0.991949,0.996403,1,1,1,1,1,1,1,1
1,1,1,1,1,1,1,0.934083,0.95553,0.922887,0.94298,0.911706,0.918682,0.898183,0.940092,0.944927,0.936235,0.950802,0.95746,0.983874,1,1,1,1,0.979113,0.970761,0.904906,0.951357,0.956179,0.941999,0.900802,0.932565,0.906251,0.942901,0.959744,0.881166,0.91521,1,1,1,1,0.847794,0.939505,0.955028,0.941757,0.928563,1,1,1,1,1,1,1,0.89237,0.90471,1,1,1,1,1,1,1,1,1
1,1,1,1,1,1,1,0.919865,0.811769,0.935583,0.938236,0.938427,0.944301,0.940552,0.93917,0.941828,0.941497,0.946175,0.968075,0.980034,0.990823,1,1,1,1,0.975288,0.970263,0.915502,0.970214,0.965896,0.956815,0.796768,0.928044,0.952431,0.946841,0.944724,0.914441,0.851636,0.867615,1,0.836155,0.937526,0.960367,0.933725,0.833692,1,1,1,1,1,1,1,1,1,0.885508,0.931269,1,1,0.999556,1,1,1,1,1
0.995964,0.995255,0.949234,0.943382,0.968364,1,1,0.820051,0.923933,0.920823,0.950136,0.950136,0.950136,0.950136,0.950136,0.950136,0.946723,0.944073,0.956116,0.967997,0.990247,0.991122,1,1,1,1,1,1,0.96776,0.973763,0.950628,1,0.839481,0.940233,0.942136,0.937759,0.936545,0.911842,0.824142,0.706707,0.919268,0.946862,0.943751,0.8314,1,1,1,1,1,1,1,1,1,1,1,0.962877,0.983381,0.992476,1,1,1,1,1,1
0.994162,0.988243,0.92165,0.943128,0.950405,0.886502,0.78645,0.926854,0.931893,0.939076,0.950136,0.950136,0.950136,0.950136,0.950136,0.950136,0.950136,0.946723,0.928613,0.949473,0.955858,1,1,1,1,1,1,1,0.994783,0.986187,1,1,1,0.795152,0.930869,0.922683,0.941497,0.938616,0.877323,0.888408,0.920307,0.899374,0.815723,1,1,1,1,1,1,1,1,1,1,1,1,1,0.979805,1,1,1,1,1,0.998813,0.998303
0.99258,0.990493,0.904412,0.937258,0.94479,0.848511,0.920965,0.929508,0.934948,0.942104,0.950136,0.950136,0.950136,0.950136,0.950136,0.950136,0.950136,0.950136,0.952433,0.871186,0.945798,1,1,1,1,1,1,1,1,1,1,1,1,0.93795,0.878534,0.946294,0.946723,0.938236,0.938427,0.944301,0.938876,0.876785,0.847915,1,1,1,1,1,1,1,1,1,1,1,1,1,1,1,1,1,1,0.991189,0.99694,0.995898
0.991706,0.985788,0.951188,0.94545,0.92934,0.942379,0.940584,0.925477,0.946298,0.94759,0.950136,0.950136,0.950136,0.950136,0.950136,0.950136,0.950136,0.950136,0.918688,0.916925,0.803615,1,1,1,0.990839,0.98825,1,1,1,1,1,1,1,0.953325,0.928334,0.916262,0.950136,0.950136,0.950136,0.950136,0.922582,0.935976,0.920456,0.850788,1,1,1,1,1,1,1,1,1,1,1,1,1,1,1,1,1,0.958492,0.977739,0.993716
0.989461,0.990714,0.96775,0.948499,0.9474,0.950136,0.950136,0.950136,0.950136,0.950136,0.950136,0.950136,0.950136,0.950136,0.950136,0.950136,0.950136,0.950136,0.940323,0.938037,0.924759,0.762438,1,0.962135,0.981175,0.980796,0.954208,0.957562,1,1,1,1,0.988175,0.976698,0.945493,0.925886,0.950136,0.950136,0.950136,0.950136,0.942625,0.940763,0.947011,0.932869,0.8248,1,1,1,1,1,1,1,1,1,1,1,1,1,1,1,1,0.885599,0.974214,0.9894
1,0.994229,0.975706,0.943403,0.928962,0.950136,0.950136,0.950136,0.950136,0.950136,0.950136,0.950136,0.950136,0.950136,0.950136,0.951837,0.952194,0.928446,0.93382,0.94458,0.92223,0.914095,0.774303,0.9481,0.958864,0.967158,0.931352,0.910466,0.932246,0.989552,1,1,1,0.942521,0.879282,0.948082,0.950136,0.950136,0.951837,0.945522,0.938769,0.940035,0.953689,0.953513,0.928822,0.821615,1,1,1,1,1,1,1,1,1,1,1,1,1,1,0.881475,0.907485,0.978531,0.989911
1,1,0.959471,0.870856,0.943933,0.950136,0.950136,0.950136,0.950136,0.950136,0.950136,0.950136,0.950136,0.950136,0.951837,0.955473,0.947297,0.937622,0.924437,0.873904,0.921204,0.908618,0.881483,0.877167,0.930538,0.941642,0.938636,0.951675,0.924876,0.921967,1,1,1,0.837806,0.940152,0.953887,0.950136,0.951837,0.955473,0.951454,0.919498,0.932151,0.905809,0.942417,0.946179,0.929531,0.857362,0.963694,1,1,1,1,1,1,1,1,1,1,1,0.93987,0.870074,0.925449,0.981306,0.990438
1,1,0.960657,0.860901,0.946516,0.950136,0.950136,0.950136,0.950136,0.950136,0.950136,0.950136,0.950136,0.950136,0.947519,0.947085,0.950808,0.93767,0.804799,0.884425,0.919767,0.928135,0.94552,0.83158,0.918994,0.938455,0.938114,0.934259,0.955092,0.938098,0.834762,0.885482,0.798032,0.923109,0.92954,0.922823,0.946292,0.954056,0.950168,0.920267,0.936575,0.786509,0.927813,0.94558,0.941555,0.937024,0.950802,0.903837,0.931395,1,1,1,1,1,1,1,1,1,1,0.824192,0.931789,0.948373,0.984069,0.991579
1,0.992718,0.971091,0.930909,0.919608,0.950136,0.950136,0.950136,0.950136,0.950136,0.950136,0.950136,0.950136,0.950136,0.927964,0.951744,0.942667,0.85491,1,1,0.968193,0.965715,0.95345,0.920749,0.808129,0.944231,0.948324,0.934926,0.940707,0.937957,0.924773,0.796057,0.926184,0.934483,0.932225,0.936093,0.936739,0.943023,0.89827,0.927129,0.923833,1,0.839481,0.940233,0.94198,0.936846,0.946175,0.960797,0.918529,0.897131,1,1,1,1,1,1,1,1,0.830632,0.930314,0.940099,0.93834,0.985589,0.991823
0.989749,0.988882,0.950006,0.938611,0.942104,0.950136,0.950136,0.950136,0.950136,0.950136,0.950136,0.950136,0.950136,0.950136,0.946796,0.892216,0.874573,1,1,1,1,1,1,1,1,0.797662,0.952316,0.925657,0.943922,0.936631,0.924906,0.929827,0.921392,0.938647,0.937381,0.9415,0.944498,0.803119,0.929328,0.951837,1,1,1,0.823558,0.940744,0.942186,0.944073,0.945715,0.943992,0.931011,0.857362,0.944179,1,1,1,1,1,0.825905,0.918624,0.933319,0.928861,0.915553,0.992917,0.991961
0.990642,0.982285,0.949764,0.94514,0.94759,0.950136,0.950136,0.950136,0.950136,0.950136,0.950136,0.950136,0.950136,0.950136,0.941972,0.90445,0.898756,1,1,1,1,1,1,1,1,0.918186,0.774871,0.93854,0.950136,0.950136,0.950136,0.950136,0.950136,0.950136,0.924296,0.942804,0.877515,1,1,1,1,1,1,0.946597,0.886709,0.938696,0.946723,0.944073,0.939614,0.936545,0.950802,0.883535,0.900032,1,1,1,0.811673,0.924336,0.929388,0.935088,0.937126,0.936494,0.989652,0.996745
0.991418,0.985008,0.941972,0.94759,0.950136,0.950136,0.950136,0.950136,0.950136,0.950136,0.950136,0.950136,0.950136,0.950136,0.922582,0.935586,0.923031,0.959357,0.995482,1,1,1,1,1,1,0.861548,0.940277,0.920823,0.950136,0.950136,0.950136,0.950136,0.950136,0.950136,0.937836,0.790876,0.914867,1,1,1,1,1,1,0.972194,0.950636,0.933863,0.945406,0.946786,0.943922,0.941497,0.946175,0.944301,0.896934,0.85056,0.846069,0.794261,0.920841,0.944611,0.935448,0.940897,0.943046,0.863582,0.995431,0.995657
0.991133,0.985675,0.950136,0.950136,0.950136,0.950136,0.950136,0.950136,0.950136,0.951837,0.952194,0.928446,0.942087,0.946777,0.919595,0.935291,0.961564,0.968218,0.985377,1,1,1,1,0.984499,0.859571,0.93278,0.931893,0.939076,0.950136,0.951837,0.945522,0.942823,0.944531,0.952504,0.91579,0.938512,0.855518,1,1,1,1,1,1,0.986507,0.975894,0.965052,0.943673,0.951504,0.950338,0.946723,0.944073,0.939614,0.934134,0.916126,0.791586,0.909726,0.938659,0.933387,0.94114,0.932689,0.808662,1,1,1
0.991133,0.985675,0.950136,0.950136,0.950136,0.950136,0.950136,0.950136,0.950136,0.947519,0.944911,0.937773,0.919703,0.884103,0.953381,0.947454,0.956661,0.979508,0.982101,1,1,1,0.991707,0.970061,0.945307,0.93813,0.934948,0.942104,0.951837,0.955473,0.951454,0.919498,0.936613,0.93374,0.951393,0.916306,0.930109,0.824512,0.93917,0.981218,1,1,1,0.994052,0.973251,0.961904,0.956078,0.955323,0.950722,0.951819,0.941717,0.936572,0.929137,0.931254,0.919337,0.922131,0.938647,0.941665,0.903457,0.870299,0.907827,1,1,1
0.991133,0.985675,0.950136,0.950136,0.950136,0.950136,0.950136,0.950136,0.950136,0.941818,0.943114,0.938939,0.821243,0.878138,0.964604,0.967739,0.987463,0.974644,0.987921,1,1,1,0.982818,0.975289,0.952528,0.876874,0.765435,0.739108,0.783292,0.876592,0.912084,0.935223,0.816914,0.950976,0.957552,0.949809,0.871183,0.925437,0.925141,0.954671,0.985865,1,1,1,1,0.969754,0.883105,0.956577,0.957522,0.960375,0.952243,0.912933,0.936613,0.915546,0.940658,0.951504,0.950338,0.946901,0.894589,0.841143,1,1,1,1
0.991133,0.985675,0.950136,0.950136,0.950136,0.950136,0.950136,0.950136,0.950136,0.924296,0.928395,0.811338,1,1,0.969678,0.984278,0.989591,0.988566,0.993282,1,1,1,0.977102,0.972604,0.887416,0.760424,0.830445,0.707414,0.758984,0.767502,0.891972,0.812106,1,0.946591,0.983358,0.96628,0.921064,0.818064,0.931714,0.969797,0.971348,0.973198,1,1,1,1,0.95755,0.912521,0.96217,0.973618,0.97275,0.950364,0.786509,0.930374,0.952415,0.948499,0.9474,0.936178,0.937937,0.925068,0.837245,1,1,1
0.991133,0.985675,0.951837,0.952194,0.928446,0.942087,0.946777,0.929505,0.945406,0.938431,0.775542,0.904339,1,1,1,0.992545,0.995331,1,1,1,1,1,0.985654,0.961295,0.871271,0.764357,0.511191,0.724341,0.545403,0.695246,0.674257,1,1,1,0.992429,0.988462,1,1,0.812902,0.953995,0.973788,0.977175,0.987175,1,1,1,1,1,0.970249,0.987619,0.980424,0.951897,1,0.840955,0.937391,0.943403,0.928962,0.945975,0.942616,0.943012,0.935004,0.889631,1,1
0.991175,0.991469,0.93533,0.949577,0.926496,0.914744,0.884103,0.944197,0.943673,0.920847,0.928517,0.897478,1,1,1,1,1,1,1,1,1,1,1,0.950886,0.789555,0.640253,0.629826,0.000144869,0.762988,0.611163,0.785691,1,1,1,1,1,1,1,1,0.736456,0.940023,0.969999,0.986331,1,1,1,1,1,1,0.994383,0.991914,1,1,1,0.767144,0.928436,0.943933,0.946723,0.944073,0.945715,0.943992,0.948261,0.990194,0.993549
0.992766,0.989057,0.937777,0.937352,0.9408,0.900764,0.813911,0.946981,0.950083,0.938385,0.94023,0.94769,0.974167,1,1,1,1,1,1,1,1,1,1,1,0.53362,0.788196,0.579552,0.699649,0.495764,0.822443,0.82726,0.946545,1,1,1,1,1,1,1,0.860636,0.786251,0.960516,0.97861,1,1,1,1,1,1,1,1,1,1,1,0.94486,0.878895,0.948954,0.950136,0.946723,0.944073,0.939614,0.943939,0.98774,0.989217
0.9923,0.993172,0.948124,0.971488,0.950814,1,1,0.811235,0.942971,0.934947,0.907399,0.959766,0.977056,0.987706,1,1,1,1,0.993241,0.981592,0.97629,1,1,0.80612,0.805243,0.700429,0.77415,0.695613,0.752077,0.768976,0.866444,0.96675,0.98358,1,1,1,1,0.990157,0.884142,0.916452,0.900793,0.846819,1,1,1,0.993873,0.991072,1,1,1,1,1,1,0.993016,0.983972,0.955435,0.929658,0.945406,0.950338,0.946723,0.943922,0.929257,0.990185,0.991431
1,1,1,0.990165,0.997212,1,1,1,0.737476,0.929369,0.940893,0.909737,0.965076,0.986404,1,1,1,0.981946,0.976521,0.976948,0.960235,0.880611,0.801501,0.913646,0.854853,0.832967,0.844553,0.774811,0.81027,0.854174,0.91913,0.968903,0.981133,1,1,1,0.993806,0.980626,0.960752,0.929152,0.90709,0.922283,0.803471,1,0.941773,0.990353,0.99088,0.967205,1,1,1,1,1,0.99531,0.98925,0.970384,0.949756,0.939532,0.950722,0.945406,0.950338,0.950136,0.986423,0.991823
1,1,1,1,1,1,1,1,0.93675,0.878895,0.948658,0.928711,0.856125,1,1,1,0.970079,0.929965,0.965821,0.96907,0.950305,0.848453,0.9045,0.91922,0.92683,0.925494,0.825933,0.923727,0.939224,0.939134,0.980536,0.973173,0.988164,1,1,1,0.988659,0.985556,0.97487,0.941211,0.937262,0.949509,0.931865,0.834784,0.948949,0.956435,0.973711,0.938529,0.893026,0.934636,0.973116,1,1,1,0.993494,0.976994,0.909085,0.937999,0.945476,0.955205,0.950467,0.921225,0.989129,0.99136
1,1,1,1,1,1,1,0.990574,0.971737,0.951787,0.908195,0.938531,0.923093,0.838525,1,1,0.858832,0.93677,0.948338,0.937177,0.929796,0.942379,0.922358,0.9218,0.933001,0.808384,0.911032,0.914047,0.960885,0.953173,0.981442,0.981687,0.992112,1,1,1,0.987582,0.977054,0.968656,0.948114,0.941024,0.94298,0.911706,0.918682,0.898183,0.940092,0.944927,0.933813,0.922993,0.913135,0.982466,0.982375,1,1,1,1,0.950336,0.898656,0.958478,0.967586,0.961901,0.94837,0.992064,0.993733
0.997932,0.998204,1,1,1,1,1,0.992826,0.98638,0.97608,0.951974,0.944973,0.942858,0.942743,0.82634,0.824349,0.933512,0.935756,0.93834,0.94759,0.950136,0.950136,0.946796,0.914516,0.818871,1,1,1,0.977267,0.983708,0.985741,1,1,1,1,1,1,0.961726,0.951925,0.943403,0.92558,0.938236,0.938427,0.944301,0.940552,0.93917,0.941828,0.936631,0.944045,0.936577,0.958702,0.981838,0.981951,1,1,1,1,1,0.945331,0.97493,0.969938,0.970822,0.995627,0.995327
0.996308,0.990261,0.923861,0.975523,1,1,1,1,0.990281,0.962614,0.965472,0.951298,0.940147,0.943836,0.874031,0.881615,0.929508,0.934948,0.942104,0.950136,0.950136,0.950136,0.941972,0.881626,0.889688,1,1,1,1,1,1,1,1,1,1,1,1,1,0.893049,0.870856,0.943933,0.950136,0.950136,0.950136,0.950136,0.950136,0.950136,0.950136,0.946723,0.944073,0.956116,0.969633,0.9905,0.989641,1,1,1,1,1,0.985984,0.98882,0.984916,1,1
0.99189,0.988548,0.930728,0.940851,0.977036,1,1,1,1,0.977843,0.900727,0.95345,0.939497,0.920095,0.943948,0.941154,0.925477,0.946298,0.94759,0.950136,0.950136,0.950136,0.922582,0.941729,0.934754,0.958146,1,1,1,1,1,1,1,0.989626,1,1,1,1,0.794788,0.860901,0.946516,0.950136,0.950136,0.950136,0.950136,0.950136,0.950136,0.950136,0.950136,0.946723,0.928613,0.958698,0.961941,1,1,1,1,1,1,1,1,1,1,1
0.990263,0.985606,0.946175,0.960797,0.958066,0.980079,1,1,1,1,0.960926,0.830309,0.950106,0.950083,0.948499,0.9474,0.950136,0.950136,0.950136,0.950136,0.950136,0.950136,0.942625,0.940763,0.944813,0.96675,0.98358,1,1,1,1,0.99309,0.986161,0.988467,0.959986,0.951876,1,0.78701,0.923678,0.930909,0.919608,0.950136,0.950136,0.950136,0.950136,0.950136,0.950136,0.950136,0.950136,0.950136,0.952433,0.857561,0.942597,1,1,1,1,1,1,1,1,1,1,1
0.991133,0.984949,0.944073,0.954976,0.969366,0.984406,0.986858,1,1,1,1,1,0.865844,0.964634,0.95365,0.928962,0.950136,0.950136,0.950136,0.950136,0.950136,0.950136,0.946723,0.944073,0.922435,0.950017,0.969361,1,1,1,0.991653,0.982414,0.958879,0.970753,0.941554,0.907935,0.697779,0.917007,0.930973,0.938611,0.942104,0.950136,0.950136,0.950136,0.950136,0.950136,0.950136,0.950136,0.950136,0.950136,0.918688,0.924086,0.784898,1,1,1,0.981104,0.97868,1,1,1,1,1,1
0.991133,0.985675,0.946723,0.935363,0.962436,0.964268,0.986707,1,1,1,1,1,1,0.788985,0.880086,0.943933,0.950136,0.950136,0.950136,0.950136,0.950136,0.950136,0.950136,0.946723,0.933542,0.861051,0.923563,1,1,1,0.959824,0.942026,0.961866,0.952325,0.95484,0.902886,0.888408,0.91086,0.93734,0.94514,0.94759,0.950136,0.950136,0.950136,0.950136,0.950136,0.950136,0.950136,0.950136,0.950136,0.940323,0.939929,0.93011,0.786042,0.902741,0.926604,0.970005,0.960652,0.922352,0.942667,0.967662,0.996358,1,1
0.991133,0.985675,0.950136,0.948783,0.898532,0.949501,0.971278,1,1,1,1,1,1,0.857258,0.891787,0.948334,0.952194,0.928446,0.942087,0.946777,0.929505,0.945406,0.950338,0.950136,0.936033,0.929469,0.792955,1,1,1,0.797917,0.935224,0.939235,0.943854,0.938236,0.938427,0.944301,0.940552,0.941972,0.94759,0.950136,0.950136,0.950136,0.950136,0.950136,0.950136,0.950136,0.950136,0.950136,0.950136,0.942625,0.940707,0.933208,0.896601,0.81139,0.91855,0.74353,0.933041,0.946785,0.942813,0.964365,0.980806,1,1
0.991133,0.985675,0.950136,0.946901,0.927197,0.813845,1,1,1,1,0.965455,0.943246,0.815116,0.923109,0.92954,0.927964,0.947297,0.952712,0.874845,0.907535,0.943016,0.944222,0.9474,0.950136,0.94888,0.935155,0.938048,0.853163,0.870418,0.834467,0.931852,0.931893,0.939076,0.950136,0.950136,0.950136,0.950136,0.950136,0.950136,0.950136,0.950136,0.950136,0.950136,0.950136,0.950136,0.950136,0.950136,0.950136,0.950136,0.950136,0.946723,0.943922,0.933781,0.924274,0.935994,0.877769,0.898469,0.831139,0.957489,0.944164,0.944951,0.967737,0.990008,1
0.991133,0.985675,0.950136,0.936178,0.937937,0.923093,0.808761,1,1,0.945763,0.961087,0.886963,0.937321,0.934483,0.924106,0.942556,0.948828,0.951376,0.86575,0.873569,0.912127,0.960302,0.958454,0.956099,0.947366,0.936745,0.913706,0.931277,0.743584,0.912562,0.942713,0.935025,0.944062,0.952194,0.946292,0.919947,0.943152,0.931844,0.944784,0.945406,0.950338,0.950136,0.950136,0.950136,0.950136,0.951837,0.952194,0.946292,0.919947,0.943152,0.931844,0.956099,0.949074,0.949808,0.836465,1,1,1,0.798616,0.93397,0.933994,0.962347,0.990924,0.990494
0.991448,0.984304,0.928446,0.941031,0.945356,0.933899,0.929371,0.782424,0.863281,0.952543,0.942206,0.958016,0.943291,0.938647,0.941665,0.931744,0.92563,0.868791,1,1,0.945422,0.93902,0.951174,0.939224,0.952488,0.946031,0.929144,0.788803,0.91822,0.935674,0.941251,0.945282,0.948079,0.947297,0.941057,0.917507,0.790821,0.92211,0.938646,0.943673,0.951504,0.950338,0.950136,0.950136,0.950136,0.947519,0.944911,0.936739,0.929525,0.833766,0.923727,0.939224,0.968632,0.95114,0.975352,1,1,1,0.942504,0.21343,0.891589,0.928135,0.974962,0.980544
0.993444,0.990893,0.917631,0.856498,0.912881,0.935794,0.945304,0.892623,0.862621,0.929965,0.942801,0.94514,0.94759,0.950136,0.946901,0.929275,0.79868,1,1,1,0.989779,0.956051,0.948231,0.956302,0.962459,0.962115,0.934669,1,0.840955,0.937391,0.943403,0.92532,0.947085,0.950808,0.942031,0.786213,0.887708,0.878407,0.912209,0.956078,0.955323,0.950722,0.945406,0.950338,0.950136,0.941818,0.943114,0.944498,0.786117,0.887946,0.901414,0.956302,0.96762,0.985579,0.991229,1,1,1,0.972645,0.908597,0.513977,0.914258,0.972701,0.969506
0.993639,0.992147,0.953861,0.911656,0.801927,0.934376,0.939469,0.937814,0.940584,0.925477,0.946298,0.94759,0.950136,0.950136,0.945294,0.888375,0.929288,0.967309,1,1,1,1,1,0.964273,0.981229,0.977111,1,1,1,0.837946,0.938585,0.95348,0.954239,0.946593,0.832112,1,1,1,0.93666,0.858184,0.954238,0.950628,0.952446,0.935664,0.950136,0.924296,0.942804,0.840982,1,1,1,0.975247,0.990637,0.992047,1,1,1,1,0.986588,0.968162,0.943124,0.449716,0.927025,0.921915
0.993019,0.996415,0.979824,1,1,0.7466,0.939793,0.930515,0.950136,0.950136,0.950136,0.950136,0.950136,0.950136,0.943997,0.953492,0.945707,0.977057,1,1,1,1,1,1,1,1,1,1,1,0.950155,0.88481,0.947923,0.952679,0.854176,1,1,1,1,1,0.950878,0.839611,0.933394,0.9387,0.937375,0.950136,0.937836,0.790876,0.926639,1,1,1,1,1,1,1,1,1,1,1,0.967825,0.95357,0.83511,0.999308,0.939971
1,1,1,1,1,0.927721,0.842311,0.946294,0.950136,0.950136,0.950136,0.950136,0.950136,0.950136,0.928925,0.945579,0.953294,0.982822,1,1,1,1,1,1,1,1,1,1,0.983692,0.966327,0.929785,0.943475,0.902585,0.955812,1,1,1,1,1,1,1,0.816193,0.916523,0.947623,0.950136,0.918688,0.93844,0.914237,1,1,1,1,1,1,1,1,1,1,1,1,0.833771,0.225176,0.929204,0.883738
1,1,1,1,1,0.95256,0.933478,0.916262,0.950136,0.950136,0.950136,0.950136,0.950136,0.950136,0.946796,0.883382,0.897091,1,1,1,1,1,1,1,1,1,1,1,1,0.936496,0.932188,0.918666,0.941544,1,1,1,1,1,1,1,0.872804,0.848518,0.895598,0.937219,0.950136,0.940323,0.939929,0.932245,0.963321,0.995361,1,1,1,1,0.995439,0.989466,0.978049,1,1,1,0.148133,0.884142,0.951906,0.980967
1,1,1,1,0.986902,0.975323,0.936657,0.925886,0.950136,0.950136,0.950136,0.950136,0.950136,0.950136,0.941972,0.924019,0.767247,1,1,1,1,1,1,1,1,1,1,1,1,0.937426,0.862539,0.909323,1,1,1,1,1,1,1,1,0.848627,0.929763,0.946616,0.935686,0.950136,0.942625,0.940707,0.961184,0.968218,0.985377,1,1,1,0.992755,0.991555,0.983836,0.960751,0.910392,0.891154,0.402829,0.871007,0.928317,0.964186,0.986814
1,1,1,1,1,0.93863,0.865365,0.948082,0.950136,0.950136,0.950136,0.951837,0.952194,0.928446,0.931114,0.931987,0.920402,0.842918,0.95689,1,1,1,1,1,1,1,1,1,1,0.823741,0.845173,0.908815,1,1,1,1,1,1,1,0.830632,0.930314,0.940099,0.93834,0.94759,0.950136,0.946723,0.945822,0.958445,0.974444,0.98161,1,1,1,0.98406,0.977538,0.970739,0.948298,0.926024,0.825478,0.925897,0.934483,0.934948,0.984138,0.991823
0.99775,0.998393,1,1,1,0.828048,0.927276,0.953887,0.950136,0.950136,0.951837,0.955473,0.947297,0.937622,0.879905,0.874749,0.939859,0.966597,0.88879,0.913496,1,1,1,1,1,1,1,0.91546,0.852453,0.873224,0.853917,1,1,1,1,1,1,1,0.8965,0.922012,0.932281,0.926794,0.943459,0.929505,0.951819,0.952658,0.952968,0.969338,0.971066,0.978976,1,1,1,0.973284,0.965485,0.942141,0.93105,0.925615,0.933939,0.918032,0.93212,0.942024,0.987127,0.991697
0.997276,0.995588,0.940931,1,0.796827,0.923678,0.930909,0.922265,0.952194,0.946292,0.954056,0.950168,0.926212,0.940268,0.865348,0.820723,0.91983,0.963933,0.958104,0.908699,0.871544,0.876962,0.91393,0.929903,0.911781,0.910315,0.908044,0.84283,0.938284,0.910226,0.844793,1,1,1,1,1,1,0.9468,0.903485,0.951782,0.925052,0.910165,0.878296,0.944197,0.949159,0.943941,0.934296,0.969658,0.945342,0.991348,1,1,1,0.981232,0.974612,0.966693,0.944222,0.949189,0.955473,0.951454,0.948055,0.903305,0.989778,0.99324
0.993151,0.991383,0.905122,0.744619,0.9125,0.930973,0.938611,0.939092,0.944911,0.936739,0.943023,0.89827,0.929466,0.907809,1,1,0.829917,0.940348,0.962247,0.945871,0.932184,0.844324,0.908047,0.928481,0.904875,0.895377,0.895803,0.936771,0.927341,0.922683,0.912631,0.832639,1,1,1,1,0.951279,0.921203,0.963888,0.91212,0.931695,0.899132,0.813911,0.946981,0.928224,0.929694,0.950374,0.953687,0.986659,1,1,1,1,0.99503,0.923993,0.956395,0.948324,0.940435,0.947085,0.954841,0.931626,0.81847,0.994445,0.997755
0.990291,0.986016,0.911706,0.918682,0.889346,0.93734,0.94514,0.940169,0.943114,0.944498,0.803119,0.929328,0.955036,1,1,1,1,0.82172,0.943083,0.955766,0.941352,0.932969,0.90646,0.936613,0.917853,0.932986,0.938421,0.938647,0.938246,0.938686,0.947011,0.926787,0.789735,1,1,1,0.82511,0.941329,0.878441,0.964164,0.935927,1,1,0.811235,0.931181,0.886589,0.850627,1,1,1,1,1,1,1,1,0.890953,0.952316,0.900262,0.951744,0.94091,0.879082,1,0.998428,0.998575
0.990681,0.982096,0.938427,0.944301,0.940552,0.941972,0.94759,0.924296,0.942804,0.877515,1,1,1,1,1,1,1,1,0.835192,0.956134,0.955041,0.952869,0.950338,0.950136,0.950136,0.950136,0.950136,0.950136,0.946723,0.944073,0.945715,0.943992,0.916586,0.791325,0.889099,0.879233,0.949395,0.812082,1,0.958923,0.995571,1,1,1,0.685729,0.849593,0.833011,1,1,1,1,1,1,1,1,0.897745,0.774871,0.934477,0.892216,0.876291,1,1,1,1
0.991133,0.985675,0.950136,0.950136,0.950136,0.950136,0.950136,0.937836,0.790876,0.914867,1,1,1,1,1,1,1,1,1,0.849078,0.952985,0.952234,0.9474,0.950136,0.950136,0.950136,0.950136,0.950136,0.950136,0.946723,0.944073,0.939614,0.934134,0.929997,0.823596,0.942935,0.878641,1,1,1,1,1,1,1,0.922348,0.865129,0.93936,0.806115,1,0.970689,0.976801,0.974089,1,1,1,0.783666,0.940277,0.908322,0.90445,0.886145,1,1,1,1
0.991133,0.985675,0.950136,0.950136,0.950136,0.950136,0.950136,0.918688,0.93844,0.855518,1,1,1,1,1,1,1,1,1,0.946914,0.920699,0.956759,0.952869,0.950338,0.950136,0.950136,0.950136,0.950136,0.950136,0.950136,0.946723,0.943922,0.936631,0.924906,0.890396,0.843833,0.8713,1,1,1,1,1,1,0.984078,0.958485,0.922914,0.916807,0.912923,0.765015,0.938622,0.965716,0.956839,0.913459,0.874955,0.758747,0.925271,0.931893,0.906014,0.935586,0.919621,0.958145,0.997241,1,1
0.991133,0.985675,0.950136,0.950136,0.950136,0.950136,0.950136,0.940323,0.939929,0.92822,0.837945,0.956199,0.991799,1,1,1,1,1,1,1,0.944387,0.951407,0.957246,0.935664,0.950136,0.950136,0.950136,0.950136,0.950136,0.950136,0.950136,0.950136,0.950136,0.950136,0.907453,0.857686,0.910467,1,1,1,1,1,1,0.986483,0.976835,0.953608,0.927709,0.923617,0.91834,0.881844,0.945941,0.948298,0.926024,0.825478,0.925897,0.934483,0.934948,0.933467,0.940707,0.930912,0.966149,0.991541,1,1
0.996915,0.995312,0.987474,0.987474,0.987474,0.987474,0.987474,0.985501,0.984994,0.983596,0.989726,0.986238,0.994832,1,1,1,1,1,1,1,0.996359,0.994649,0.991677,0.990549,0.987474,0.987474,0.987474,0.987474,0.987474,0.987474,0.987474,0.987474,0.987474,0.987474,0.985519,0.984775,0.973605,1,1,1,1,1,1,1,0.996077,0.989149,0.988595,0.984389,0.985944,0.984942,0.983174,0.984261,0.979419,0.982333,0.979796,0.984447,0.984591,0.986022,0.985844,0.989288,0.989249,0.996575,1,1
0.994089,0.997322,0.991687,0.991687,0.991687,0.991687,0.991687,0.991065,0.990726,0.989277,0.991084,0.991667,0.988069,0.993259,1,1,1,1,1,1,1,0.995035,0.99259,0.991703,0.991687,0.991687,0.991687,0.991687,0.991687,0.991687,0.991687,0.991687,0.991687,0.991687,0.990583,0.990412,0.991341,0.990655,1,1,1,1,1,1,0.995471,0.992228,0.988291,0.991687,0.991687,0.991687,0.991687,0.991687,0.991687,0.991687,0.991687,0.991687,0.991687,0.991687,0.991687,0.990441,0.993953,0.994408,1,1
